no,name,star,skill_formation,skill_effect,skill_name,skill_description,cooltime_pre,cooltime_main,hp,attack,accuracy,evasion,attackSpeed,move,attackValue,defenceValue,makingTime,일러,CV,name_alt,image_url,extra
2,M1911,2,□■□■⊙■□■□,공속 20명중 50,연막탄,"2.5반경, 4초간 공격속도 36%, 이동속도 45% 감소의 연막탄 투척",1,12,73,27,50,74,57,15,888,1137,0:20,Spirtie,마츠이 에리코,M1911,http://alpha-k.kakaocdn.net/dn/cjVFjX/ZSciQNR1QE/yADSdoGfYgZPk7oUGsVp3K/2x1.jpg,미국|절대영역|아킴보|단발|금발|벽안|사속/명중|연막탄|줄무늬팬티|메가데레|
5,纳甘左轮Nagant revolver,2,□■□■⊙□□■□,공격 32크리율 16,화력제압N,"야전 시, 8초간 적군 전체 공격력 35% 감소(주간:5초,20%)",3,12,70,32,46,92,44,15,797,1270,0:20,X布,시노하라 나루미,M1895|나강할매|나강리볼버,http://alpha-k.kakaocdn.net/dn/FBGkD/ZSchp3S6z3/HfzhNvFKRGu9Ifpi4qWv51/2x1.jpg,러시아|할매|노병|로리|야간전투|나강할매|빈유|리볼버|키 콤플렉스|화력/치명|감소:화력|
9,P38,2,□■■□⊙□□■■,공속 14명중 56,조명탄,"야전 시, 15초간 아군 전체 명중 90% 증가",3,16,66,28,49,81,57,15,905,1094,0:20,とり,카나에 토오루,P38,http://alpha-k.kakaocdn.net/dn/r1LRf/ZSchpQmO2P/ofTHLzx1Pbnqwxmas3KSO1/2x1.jpg,독일|상하이조|야간전투|쌍권총|심영|아킴보|나치|사속/명중|조명탄|
10,PPK,2,■□□■⊙■■□□,공속 32크리율 16,섬멸명령,"8초간 아군 전체 공격력 10%, 크리율 35% 증가",3,12,57,25,59,100,63,15,948,1100,0:22,堀森,이토 아스카,PPK|유신,http://alpha-k.kakaocdn.net/dn/bkxImE/ZSchpW9ljK/H55hRdX92jazS4XL6BqKF1/2x1.jpg,신살자|독일|여왕님|유신|대국적|재규어|탈2성|석양이 진다|갓 슬레이어|사속권총|제임스본드|메이드|고스로리|코르셋|금발|007|김재규|M|S|죽은 눈|발터|사속/치명|사냥신호|상승:화력|상승:치명율|
90,FNP-9,2,□■■□⊙■□■■,공속 20명중 40,엄호제압,8초간 적군 전체 회피 40% 감소,3,12,60,28,53,83,61,15,973,1012,0:25,Bison仓鼠,코가 아오이古賀葵,FNP9,http://alpha-k.kakaocdn.net/dn/AhrYa/ZSciQUDfNn/kDKv0FqNdjLFplqqUPtkK0/2x1.jpg,판치라|가터벨트|벨기에|안경|핫핑크|사속권총|사속/명중|
91,MP-446,2,■■□■⊙□■■□,공격 28,돌격제압,8초간 적군 전체 공격속도 22% 감소,3,12,66,30,53,74,59,15,993,1028,0:25,XQ,노미즈 이오리野水伊織,MP446,http://alpha-k.kakaocdn.net/dn/qFyPW/ZSciQtBZNQ/hx9KkwkTLDikHH3ZFY4HZ1/2x1.jpg,로리|러시아|바이킹|단발|
139,Bren Ten,2,□■□■⊙■□■□,공격 16공속 10,화력명령,8초간 아군 전체 공격력 18% 증가,6,12,70,31,51,63,58,15,992,980,0:28,林大B,,Bren Ten,http://alpha-k.kakaocdn.net/dn/dmRhv3/ZSchpQmQmr/fLBQGKBQRJ2GUBk3dP6vSK/2x1.jpg,로리|안대|미국|
141,USP Compact,2,■□□□⊙■■□□,공속 28,명중명령,8초간 아군 전체 명중 100% 증가,2,12,66,24,60,86,64,15,938,1141,0:28,哈路卡,,USPCompact,http://alpha-k.kakaocdn.net/dn/MEXe0/ZSciP9gYQi/MMv5rn8nxYP86gTPJZLMl0/2x1.jpg,빈유|독일|
3,M9,3,□■■□⊙□□■■,공격 20회피 20,섬광탄,"2.5반경, 3.2초간 스턴을 거는 섬광탄 투척",5,12,76,29,56,66,61,15,1009,1097,0:40,M. vv,스즈키 아야,M9,http://alpha-k.kakaocdn.net/dn/bhwHPi/ZSchpQmOUE/8Q8k8wsAktgNqHA5K4W5hk/2x1.jpg,이탈리아|로리|인기인|금발|거유|로리거유|나노|스타킹|화력/회피|섬광탄|
6,托卡列夫Tokarev,3,□■■□⊙□□■■,공속 20명중 50,엄호명령,8초간 아군 전체 회피 55% 증가,6,12,86,31,47,66,52,15,892,1241,0:45,废人,사쿠마 히로미,TT33,http://alpha-k.kakaocdn.net/dn/8sovM/ZSciQf2Esa/2fa5Phc5xKKlfwZOjmKNf0/2x1.jpg,러시아|은발|토카레프|줄무늬|리본|사속/명중|상승:회피|
8,马卡洛夫Makarov,3,■□□■⊙■■□□,공격 20공속 12,명중제압,6초간 적군 전체 명중 36% 감소,6,12,63,26,61,96,61,15,956,1179,0:40,河马,우에사카 스미레,PM,http://alpha-k.kakaocdn.net/dn/wTUgm/ZSciQmPmIE/KyPwNGMMKNJRNQqx4ah6vK/2x1.jpg,팔레트 소대|러시아|독설|마카로프|은발|적안|로리|스타킹|화력/사속|감소:명중|빈유|
11,P08,3,□■□□⊙■□■□,공격 14명중 70,엄호명령N,"야전 시, 8초간 아군 전체 회피 85% 증가(주간:5초,35%)",6,12,70,31,46,80,55,15,926,1150,0:30,防弹乳牛,코이즈미 타카오,P08,http://alpha-k.kakaocdn.net/dn/LUW3T/ZSchqBHAlR/unxdelOGGAqZOgICU5j9sK/2x1.jpg,독일|야간전투|루거|나치|
12,C96,3,■□□□⊙■■□□,명중 64회피 30,조명탄,"야전 시, 15초간 아군 전체 명중 100% 증가",3,16,83,29,41,61,62,15,943,1139,0:30,林檎爱す,이타타니 아야카,C96,http://alpha-k.kakaocdn.net/dn/V0iGg/ZSciQUDfcu/DJGpJUJJO26b97bxXxhr70/2x1.jpg,독일|배꼽노출|로리|야간전투|빈유|은발|마우저|로리|하의실종|노출증|나치|
13,92式92식,3,■■■■⊙■■■■,명중 50회피 40,돌진명령,"8초간 아군 전체 공격력 10%, 공속 10% 증가",6,12,63,31,46,80,61,15,1006,1035,0:35,莲子,미모리 스즈코,92type,http://alpha-k.kakaocdn.net/dn/bgufz1/ZSciQUDfkv/Bm0umu8nX1DCc0Ai1utqOk/2x1.jpg,팔레트 소대|중국|독설가|미모링|자린고비|단발|배꼽|명중/회피|돌격개시|
14,阿斯特拉左轮Astra revolver,3,■□■□⊙□■□■,공속 20회피 20,돌격명령,8초간 아군 전체 공속 20% 증가,6,12,80,33,45,68,52,15,920,1178,0:40,Spirtie,아마미야 소라,357,http://alpha-k.kakaocdn.net/dn/chHKGD/ZSciQtBYOT/0vKaMrRaUf756I3xwrA01K/2x1.jpg,스페인|거유|먹보|트윈테일|아스트라|아마미야소라|사속권총|리볼버|사속/회피|
15,格洛克17GLOCK 17,3,■□■□⊙■■□■,명중 64회피 30,화력제압,8초간 적군 전체 공격력 25% 감소,6,12,63,29,58,87,61,15,1017,1098,"1-6, 1-4E",RainLin,토쿠이 소라徳井青空,Glock17,http://alpha-k.kakaocdn.net/dn/0ysCJ/ZSciQmPmRT/GPXM6kmH2KjmziNHiQZrs1/2x1.jpg,오스트리아|제조불가|토쿠이 소라|트윈테일|적안|검스|밑가슴|아킴보|존윅|필드드랍|명중/회피|
113,谢尔久科夫Serdyukov,3,□■□■⊙□□■□,공격 24명중 40,화력명령,8초간 아군 전체 공격력 20% 증가,6,12,70,33,58,68,59,15,1083,1030,,能登鹤,,SPS,http://alpha-k.kakaocdn.net/dn/dYLKyf/ZSciP9gYIn/r6OPuBedlEQzN0sOtnLWS1/2x1.jpg,출석보상|제조불가|세르듀코프|러시아|이벤트보상|큐브|스튜어디스|화력권총|화력/명중|
123,P99,3,□■□□⊙■□■□,공속 12회피 36,엄호명령,8초간 아군 전체 회피 55% 증가,6,12,60,31,56,87,61,15,1057,1046,0:35,真名,카와스미 아야코川澄綾子,P99,http://alpha-k.kakaocdn.net/dn/bGIDOo/ZSciQf2E9O/bv4XTyd0JNhsGWfuNfxwTK/2x1.jpg,로리|금발|안경|독일|사속/회피|상승:회피|
132,59式59식,3,□■■□⊙■□■■,공격 20명중 50,엄호제압N,"야전 시, 8초간 적군 전체 회피75% 감소(주간:5초,40%)",6,12,60,28,61,96,61,15,1005,1123,0:45,麻将,카토 에미리,59type,http://alpha-k.kakaocdn.net/dn/qyKbf/ZSchpJzMV1/BLo00YRbiakfdKDUlx8z10/2x1.jpg,로리|제조불가|호구식|출석보상|야간전투|안경|59식|출석보상|중국|화력/명중|
140,PSM,3,□□■■⊙■□□■,명중 56회피 36,은밀명령,"8초간 아군 전체 명중 55%, 회피 28% 증가",6,12,57,24,67,112,65,15,972,1197,,sola7764,向山直美무카이야마 나오미,PSM,http://alpha-k.kakaocdn.net/dn/bhMiYp/ZSciQ1pVGD/BkXn5emEiTa0w3JmOKTXHK/2x1.jpg,제조불가|은발|러시아|아디다스|필드드랍|명중/회피|
167,HK45,3,■□■□⊙□■□■,공격 32,기습작전,8초간 아군 전체 화력 15% 명중 10% 증가,6,12,66,34,58,80,55,15,,,,,,,http://alpha-k.kakaocdn.net/dn/cHNzlt/ZSchpJzM6r/NyS9UCxPo0KMooAKpdnCNk/2x1.jpg,제조불가|출석보상|독일|흥국45|스팀펑크|거유|
1,柯尔特左轮Colt revolver,4,□■□■⊙■□■□,공격 24명중 50,화력명령,8초간 아군 전체 공격력 22% 증가,6,12,80,36,49,76,47,15,922,1269,0:50,Saru,타나카 아이미,M1873,http://alpha-k.kakaocdn.net/dn/0nbcC/ZSciQf2Ej5/I1vWVKGlVIAINpESjIgNT1/2x1.jpg,로리|리볼버|콜라|서부|미국|트윈테일|사루|화력권총|펩시|피스메이커|콜트|최고 연장자|코카콜라|할매|동태눈|빈유|화력/명중|
7,斯捷奇金STECHKIN,4,□■■□⊙□□■■,공격 12공속 24,돌격명령,8초간 아군 전체 공속 22% 증가,6,12,83,28,44,66,65,15,975,1198,0:55,鳗鱼子,키타무라 에리,APS,http://alpha-k.kakaocdn.net/dn/HZ6q3/ZSchquW5gt/niR2ve92NqlWeZLyt85eF1/2x1.jpg,러시아|번개머리|스테츠킨|사속권총|로리|돈벌레|APS|희귀종|수제치킨|기관권총|화력/사속|상승:사속|
98,SPP-1,4,■■□□⊙□■■□,공격 12명중 90,엄호제압,8초간 적군 전체 회피 55% 감소,6,12,76,35,61,75,48,15,967,1195,,麻将,오오츠보 유카,SPP1,http://alpha-k.kakaocdn.net/dn/Hraah/ZSchquW55t/CxxMNF0TfWZXeqfZFpVGdK/2x1.jpg,이벤트보상|물로리|로리|오드아이|러시아|수중권총|큐브|제조불가|물총|명중|오리발|화력/명중|감소:회피|
99,Mk23,4,■□□■⊙■■□□,공격 36,화력명령N,"야전 시, 8초간 아군 전체 공격력 35% 증가(주간:5초,20%)",6,12,80,29,53,66,63,15,1022,1155,0:50,雪樱樱,아키오 히카루,Mk23|참피,http://alpha-k.kakaocdn.net/dn/bX2LEw/ZSchpJzMEW/LzMdZBA8qTVgvkKQuK5bGk/2x1.jpg,오드아이|고양이|야간전투|달링|화력권총|독일|브릿지|거유|핑크브라|메가데레|화력|
100,P7,4,■■■□⊙□■■■,공속 20회피 24,엄호명령,8초간 아군 전체 회피 60% 증가,6,12,63,32,62,83,61,15,1106,1062,0:55,Saru,쿠로사와 토모요,P7|삐칠|피칠,http://alpha-k.kakaocdn.net/dn/bpM97t/ZSciQAlKMf/gYQpTx0KiJ3Qza7Esawk0K/2x1.jpg,삐칠이|수녀복|은발|가터벨트|로리|동물귀|사루|독일|장난꾸러기|가터벨트|꽃무늬치마|빈유|사속/회피|상승:회피|
168,Spitfire,4,■□■⊙□□■□■,공격 30명중 40,돌격제압,8초간 적 공속 28% 감소,6,12,70,33,60,71,59,15,,,0:52,Skade,,JSL Spitfire,http://alpha-k.kakaocdn.net/dn/5CxHT/ZSchqBHCpD/opHYl8p3KN0HD0Z4HnwgRK/2x1.jpg,쿨데레|스팀펑크|영국|스핏파이어|빈유|화력/명중|샷망제대|
96,灰熊MkVGrizzly MkV,5,■■□□⊙■■■□,공격 30회피 20,화력명령,8초간 아군 전체 공격력 25% 증가,6,12,86,38,51,66,54,15,1081,1241,1:10,REALMBW,이타타니 아야카,Grizzly|그리즐리|웅녀|곰,http://alpha-k.kakaocdn.net/dn/b12U5t/ZSchqBHAzR/hbdcl2bSKrCodhAwKgXu61/2x1.jpg,곰누나|웅녀|로리스킨|어른속옷|글래머|불곰|그리즐리|미국|화력권총|로리스킨|거유|화력/회피|포니테일|
97,M950A,5,■□■□⊙□■□■,공속 30명중 50,돌격명령,8초간 아군 전체 공속 25% 증가,6,12,76,30,55,68,72,15,1178,1119,1:05,音符,코가 아오이古賀葵,M950A|미역|캘리코,http://alpha-k.kakaocdn.net/dn/oaBmb/ZSciQ1pVnh/hQgAzw1iE8agMFefgcCnn1/2x1.jpg,미역|환상종|캘리코|사속권총|미국|아이돌|키리츠구|원통탄창|헬리컬탄창|트윈테일|사속/명중|
114,维尔德MkIIWELROD MkII,5,■■□■⊙□■■□,공격 20공속 16,명중제압,6초간 적군 전체 명중 45% 감소,6,12,80,28,71,90,52,15,978,1429,1:00,エロ牛,,Welrod|웰로드|장군,http://alpha-k.kakaocdn.net/dn/bhbRnS/ZSciQf2E3y/59Cx3nbqydW3vuEikKkk5k/2x1.jpg,웰장군님|삼백안|영국|대령님|사속권총|웰로드|소음권총|금발|장군님|팬티|포니테일|갭모에|화력/사속|탱커|웰장군|트윈테일|
126,NZ75,5,□■■■⊙■□■■,공격 20회피 30,돌격제압,8초간 적군 전체 공격속도 30% 감소,6,12,73,33,62,74,63,15,1161,1137,,音符,,NZ75|은지,http://alpha-k.kakaocdn.net/dn/neOAr/ZSciQtBZSQ/PDd2qqSUEpfMYO9Tt3cnR1/2x1.jpg,중국|은지|제조불가|빈유|짝퉁|아킴보|가터벨트|철혈|화력/회피|감소:사속|고사리|
142,Five-seveN,5,□■■□⊙□□■■,공속 30치명 20,천자명령,"8초간 아군 공격속도 20%, 크리확률 20% 증가",6,12,63,31,57,97,66,15,,,,水乌龟,,FN57|파세|파이브세븐,http://alpha-k.kakaocdn.net/dn/XJ3Ch/ZSchpQmQqI/hkkTaHOTQkg0v03R2ibHt0/2x1.jpg,파세|오칠이|제조불가|사속권총|수영복|오취리|은발|족제비|벨기에|파이브세븐|57|한정드랍|공주병|큐브|배꼽|거유|수영복 스킨|나르시스트|토끼|샌들힐|뮬|아이스크림|포니테일|뮬하이힐|대위|바니걸|귀걸이|짧은치마|자켓|앵클스트렙|리본|11복근|비키니|끈수영복|단추|허리띠|브로치|샘 피셔|사속/치명|소멸지시|금안|매니큐어|
166,CZ75,5,■■□□⊙□■■□,공격 16공속 20,관측자의직격,타겟 10배 데미지,6,12,66,34,62,74,66,15,,,1:05,音符,,CZ75|콩지,http://alpha-k.kakaocdn.net/dn/ckHqMj/ZSchquW68t/CDzfbZd0QzQoxNI90rZ5I0/2x1.jpg,체코|제조불가|콩지|로리|도끼|빈유|전용스킬|사속권총|겟타로봇|
63,G3,2,□■□□⊙□□□□,공속 20명중 50,살상류탄,"1.5반경, 체력이 제일 많은 적에게공격 10배의 유탄 발사",8,16,110,55,46,38,61,10,1542,1148,2:50,PHI,요시오카 카오리,G3,http://alpha-k.kakaocdn.net/dn/b6XpYf/ZSciQtBZpb/lHd8qivmiPpbHyqgZohmQK/2x1.jpg,독일|검은팬티|살상류탄|노브라|제복|
68,L85A1,2,□■□□⊙□□□□,공격 20명중 50,돌진집중,"5초간 공격력 35%, 공속 15% 증가",6,8,94,46,43,43,78,10,1626,1048,2:50,Mkiiiiii,아야미야 유키코,"L85A1, 장미",http://alpha-k.kakaocdn.net/dn/yNbJK/ZSciQNR23e/e7RZ1Fgo7a5mrktku63Ds1/2x1.jpg,장미|하지메마시떼|탄창빠짐|영국|장미카르텔|안경|
71,加利尔Galil,2,□□□□⊙■□□□,명중 50회피 10,명중집중,15초간 명중 500% 증가,5,16,105,50,44,43,66,10,1512,1170,2:40,lyo,미타라이 카린,AR,http://alpha-k.kakaocdn.net/dn/otgjB/ZSchpJzMxt/Qo93dyfj6ZhSKfxQOT3Ec1/2x1.jpg,네게브소대|칸사이벤|이스라엘|스타킹|
74,SIG-510,2,□□■□⊙□□□■,공격 20공속 10,화력집중,5초간 공격력 55% 증가,5,8,116,56,41,37,59,10,1469,1194,2:40,Spirtie,아마노 미키,SIG510,http://alpha-k.kakaocdn.net/dn/rLQzZ/ZSciQtBZwZ/d1MojRBlQbTmVWhvRoPkT1/2x1.jpg,시그|스위스|노팬티|외톨이|
107,F2000,2,□□□□⊙■□□□,공격 20회피 10,화력집중,5초간 공격력 55% 증가,5,8,105,42,44,40,81,10,1576,1125,2:45,hanasa,카와스미 아야코川澄綾子,F2000,http://alpha-k.kakaocdn.net/dn/cndIwI/ZSchpW9lNC/mUy4ZpDQ0eODiRDy2mqpC0/2x1.jpg,루이천|토쿠이 소라|벨기에|빨간모자|가터벨트|금발|
133,63式 63식,2,□□□□⊙■□□□,공격 10공속 20,명중집중,15초간 명중 500% 증가,5,16,99,51,40,40,73,10,1628,1061,2:45,TOMATO,,63type,http://alpha-k.kakaocdn.net/dn/pmpdz/ZSchpQmQhB/NFPkXjX5hHKvxCoPQploQk/2x1.jpg,붕대가슴|로리|63식|중국|절벽|
58,AK-47,3,□□□□⊙□□■□,회피 18,강습집중,"5초간 공격력 35%, 명중 100% 증가",5,8,132,53,35,34,65,10,1452,1302,3:20,厕所董事长,사토 리나,AK47,http://alpha-k.kakaocdn.net/dn/jpl9n/ZSchpW9lta/Y1P6k0is0oEVxFyzJV2PLk/2x1.jpg,마47|베레모|러시아|사토 리나|전용장비|거유|헤깐헤깐|
61,StG44,3,□□□□⊙■□□□,회피 20명중 60,폭파류탄,"1/2.5/4반경, 체력이 제일 많은 적에게공격 4.5/1.8/1배의 유탄 발사",8,16,127,53,46,36,61,10,1498,1289,3:10,八才,카야노 아이,"STG44, STG, 서태지",http://alpha-k.kakaocdn.net/dn/zLbjv/ZSchquW5C4/lN1dTtiXhKGHjoc2x701N0/2x1.jpg,서태지|카야노 아이|결벽증|독일|카야농|세탁기|나치|금발|파열류탄|제복|
70,FNC,3,□□■□⊙□□□□,명중 50회피 12,화력집중,5초간 공격력 60% 증가,5,8,110,51,46,37,73,10,1699,1132,3:20,麻将,야츠루기 스미레,"FNFNC, 초코",http://alpha-k.kakaocdn.net/dn/chkRSu/ZSchqBHAr2/qpCyH5cqC23IeuZsC4VRp1/2x1.jpg,초코쨩|먹보|탈3성|로리|초코|벨기에|고양이입|로리거유|
105,OTs-12,3,□□■□⊙■□□□,공격 15공속 20,돌격집중T,10초간 공속 60% 증가,5,16,105,42,54,54,72,10,1506,1335,3:10,林檎爱す,,OTs12,http://alpha-k.kakaocdn.net/dn/xZQNz/ZSchquW6bf/19kytE8Nmps22pP3cFkKF1/2x1.jpg,비밀병기|은발|러시아|베레모|거유|티스|
108,CZ-805,3,□□■□⊙□□□■,공속 25명중 50,폭파류탄,"1/2.5/4반경, 체력이 제일 많은 적에게공격 4.5/1.8/1배의 유탄 발사",8,16,116,43,49,41,75,10,1548,1260,"3-6, 3-4E",木子翔,우치다 마야内田真礼,CZ805,http://alpha-k.kakaocdn.net/dn/yYPOp/ZSciQUDf0J/XqJ8rx3gKLqwrkEfXBHKXK/2x1.jpg,제조불가|한정드랍|체코|거유|필드드랍|유탄|파열류탄|우치다마아야|
120,ARX-160,3,□□□□⊙□□□■,공격 25명중 50,살상류탄,"1.5반경, 체력이 제일 많은 적에게공격 12배의 유탄 발사",8,16,99,49,48,48,73,10,1666,1174,,死盖,,ARX160,http://alpha-k.kakaocdn.net/dn/zIfbn/ZSchpW9lU7/9lS5FRBgp7fOkeau1HDH6k/2x1.jpg,알렉스|로리|중형제조|이탈리아|세모입|유탄|큐브|베레모|살상류탄|
134,AR70,3,□□■□⊙□□□□,공속 16명중 75,살상류탄,"1.5반경, 체력이 제일 많은 적에게공격 12배의 유탄 발사",8,16,110,50,44,41,71,10,1611,1195,,NoriZC,,AR70,http://alpha-k.kakaocdn.net/dn/bX1TUm/ZSchqBHB4e/PmRupx51YRRn1ge8ftUx2K/2x1.jpg,제조불가|출석보상|이탈리아|살상류탄|
138,6P62,3,□□□□⊙■□□□,공격 35,강습집중,"5초간 공격력 35%, 명중 100% 증가",5,8,121,69,37,33,54,10,1556,1176,,羽中,,,http://alpha-k.kakaocdn.net/dn/SQiHS/ZSciQUDf7K/hcEZp2adp8Jz1OCh3zItwK/2x1.jpg,제조불가|철갑탄AR|출석보상|러시아|우중|
170,ASh-12.7,3,□□■□⊙□□□■,공격 30,섬멸집중,5초간 화력 50% 크리율 50% 증가,6,8,110,65,41,36,59,10,,,3:20,仙女V,,,http://alpha-k.kakaocdn.net/dn/cFvXlb/ZSchpW9mLD/dLXMhjwkGvbGJFyTnJWwLK/2x1.jpg,제조불가|애쉬|출석보상|히키코모리|러시아|
54,M16A1,4,□■■□⊙□□■■,공격 10회피 12,섬광탄,"2.5반경, 4초간 스턴을 거는 섬광탄 투척",5,16,121,47,46,44,75,10,1630,1310,,海猫络合物,아마네 노조미,M16A1,http://alpha-k.kakaocdn.net/dn/Cey5S/ZSciQf2EB8/PZRsEhJK0HgM947xCzvTo1/2x1.jpg,안티레인|브릿지|누님|안대|제조불가|전용장비|미국|예비군의친구|우리형|큰언니|방탄판|흑발|술|섬광탄|오네챠|여장부|
55,M4A1,4,□■■□⊙■□■■,(AR 대상)공격 18크리율 30,화력집중T,10초간 공격력 70% 증가,4,16,110,46,48,48,79,10,1699,1305,,海猫络合物,토마츠 하루카,M4A1,http://alpha-k.kakaocdn.net/dn/bO6d28/ZSciQNR2Iy/CGnJpWpoGuGVjBs6PuytEK/2x1.jpg,안티레인|브릿지|소심이|제조불가|토마츠하루카|미국|메인히로인|흑발|엠포|AR소대|
56,M4 SOPMODII,4,□□■□⊙■□□■,명중 50회피 12,살상류탄,"1.5반경, 체력이 제일 많은 적에게공격 12배의 유탄 발사",8,16,110,50,49,44,78,10,1806,1242,,海猫络合物,타무라 유카리田村ゆかり,M4 SOPMOD II,http://alpha-k.kakaocdn.net/dn/rnw7n/ZSciQNR2Ti/aAJs1KDNIn92v2YfynnGjK/2x1.jpg,안티레인|브릿지|새디스트|제조불가|미국|삼백안|타무라유카리|소프모드|폭파류|적안|비누모드|스타킹|노브라|유탄|살상류탄|
57,ST AR-15,4,□□■□⊙■□□■,공속 10회피 12,돌격집중T,15초간 공속 45% 증가,5,16,105,48,50,50,77,10,1738,1275,,LIN+,카토 에미리,AR15,http://alpha-k.kakaocdn.net/dn/7UEt2/ZSchqhpPOA/QJRQbVOUJM1NYSGZSw8ce0/2x1.jpg,안티레인|브릿지|무유|스타쟝|제조불가|빈유|미국|교복스킨|우산|벽안|민수용무기|카토 에미리|전용장비|
60,AS Val,4,□■□□⊙□□□□,공격 25공속 10,화력집중N,"야전 시, 6초간 공격력 180% 증가(주간:60%)",5,16,132,39,46,49,75,10,1410,1584,3:30,防弹乳牛,우에사카 스미레,"ASVAL, 아스발",http://alpha-k.kakaocdn.net/dn/bY4oxg/ZSciQtBZgU/EaBYp6TskMIQkStPIHkerk/2x1.jpg,아스발|3코어|야간전투|러시아|곰인형|수영복|안경|
64,G36,4,□□□□⊙■□□■,공격 30공속 10,화력집중T,10초간 공격력 70% 증가,4,16,127,47,44,41,72,10,1553,1379,3:40,薯子Imoko,코시미즈 아미,"G36, 지상렬",http://alpha-k.kakaocdn.net/dn/Nj4qn/ZSciQ1pUB9/VVwKezkkQYr0sky1dEWLN0/2x1.jpg,지상렬|메이드|환상종|로리스킨|독일|언니|원시|출석보상|안경|코시미즈아미|거유|
66,56-1式 56-1식,4,□□□□⊙■□□□,회피 15크리율 10,폭파류탄,"1/2.5/4반경, 체력이 제일 많은 적에게공격 5/2/1배의 유탄 발사",8,16,138,53,35,35,69,10,1529,1380,3:25,CanceR,아마미야 소라,Type 56-1 A,http://alpha-k.kakaocdn.net/dn/biSK98/ZSchqhpPZi/vocmly0HiTxXbxIHAxRu60/2x1.jpg,양갈래|전용장비|먹보|노팬티스킨|아마미야소라|중국|유탄|파열류탄|
69,FAMAS,4,□□□□⊙□□□■,공격 25명중 60,폭파류탄,"1/2.5/4반경, 체력이 제일 많은 적에게공격 5/2/1배의 유탄 발사",8,16,121,44,48,40,81,10,1676,1297,3:30,KY,마츠이 에리코,FAMAS,http://alpha-k.kakaocdn.net/dn/EBJcx/ZSciQf2EO1/EUu9XYt0pjntICxvPnnH40/2x1.jpg,파마스|불펍|착검|프랑스|파열류탄|
72,TAR-21,4,□□■□⊙□□□■,회피 18,돌진집중,"5초간 공격력 65%, 공속 25% 증가",6,16,105,49,48,44,79,10,1787,1185,3:30,木shiyo,마이하라 유메,TAR21,http://alpha-k.kakaocdn.net/dn/jvna7/ZSciQAlKAx/RoZsiQpr3sldAh3IHssyk0/2x1.jpg,네게브소대|타르|타보르|하이레그|불펍|키시요|아가씨|거유|이스라엘|스타킹|검스|레오타드|
118,9A-91,4,□□■□⊙□□□■,공속 10회피 15,화력집중N,"야전 시, 6초간 공격력 180% 증가(주간:60%)",5,16,116,42,49,50,78,10,1573,1409,3:35,防弹乳牛,나카하라 마이中原麻衣,"9A91, 야전공주",http://alpha-k.kakaocdn.net/dn/b8oKci/ZSchqhpQxf/zNuYuoChisWGVPP8TxX7ek/2x1.jpg,구아|시스루|야전공주|야간전투|러시아|베레모|전용장비|빈유|팬티|
171,利贝罗勒Ribeyrolles,4,□■□□⊙□□■□,(AR 대상)공격 20,선홍반향(猩红回响),4초간 진형위치 공격력 공속 명중 25% 증가,6,16,110,64,44,40,63,10,,,3:40,Rei,,Ribeyrolles1918,http://alpha-k.kakaocdn.net/dn/kFpFB/ZSciP9gZbl/u8gRkipTjw8fKIQONcQZh0/2x1.jpg,리베롤|병약|로리|프랑스|은발|붕대|환자|전용스킬|링거|버퍼|맨발|수혈팩|
62,G41,5,□□■□⊙□□□■,명중 50회피 15,화력집중T,10초간 공격력 75% 증가,4,16,127,50,48,40,77,10,1775,1361,4:05,NS,쿠기미야 리에,"G41, 댕댕이",http://alpha-k.kakaocdn.net/dn/bJrGXc/ZSciQUDfDI/3bxtOzg6yFMKl4xphKikf0/2x1.jpg,댕댕이|오드아이|쿠기밍|드레스|3대장|동물귀|로리|멍멍이|드레스|독일|빈유|금발|트윈테일|시스루|개|빈유|장발|팬티|쿠기밍|바코드|
65,HK416,5,□□□□⊙■□□□,공격 40,살상류탄,"1.5반경, 체력이 제일 많은 적에게공격 15배의 유탄 발사",8,16,121,51,46,44,76,10,1761,1366,3:55,NIXOO,노나카 아이,"HK416, 흥국",http://alpha-k.kakaocdn.net/dn/cUEEm4/ZSchquW5Mq/dUPYaUyRbMrzS0d9zBlrUK/2x1.jpg,흥국|404소대|얀데레|거유|흥국이|갭모에|노나카 아이|미간|호랑나비|독일|언니|은발|녹안|눈물점|목따기|니삭스|욕데레|예거|화력버프|판치라|님총흥|욕쟁이|유탄|416|살상류탄|M416|
106,FAL,5,□□■□⊙■□□■,회피 20,폭파류탄,"1.5반경, 공격 5배의 유탄을 3회 발사",6,16,132,57,43,38,72,10,1756,1377,3:45,水乌龟,,FNFAL,http://alpha-k.kakaocdn.net/dn/cPA5iO/ZSciQAlK0t/DdavuZYpXglSYrCMKJoISK/2x1.jpg,팔쟝|족제비|FN|거유|패션피플|벨기에|유탄|전용스킬|3GL|스타킹|포니테일|쿠크리|구르카|
119,OTs-14,5,□□■□⊙■□□■,공속 25명중 65,화력집중N,"야전 시, 6초간 공격력 200% 증가(주간:70%)",5,16,110,49,54,54,75,10,1763,1399,,ASK,,"OTs14, 야전여왕",http://alpha-k.kakaocdn.net/dn/j4NnU/ZSciQNR3q5/7oVVZzM1L2pJru6Cc69X3k/2x1.jpg,야전여왕|이벤트보상|제조불가|그로자|야간전투|글라즈|러시아|빈유|근로자|금발|큐브|테니스스커트|불펍|여왕님|목초크|
122,G11,5,□□□□⊙■□□□,공격 30회피 10,돌격자의 눈,4.5초간 매 공격 시 세 번의 피해를 입힘,6,16,121,43,44,41,95,10,1848,1314,4:04,音符,후쿠하라 아야카福原綾香,"G11, 잠탱이",http://alpha-k.kakaocdn.net/dn/6mAGO/ZSchqBHAFS/CMWFSTTtxDXq8E806V60GK/2x1.jpg,잠탱이|404소대|귀차니스트|로리|3대장|니트|은발|수면인간|빈유|독일|심약|후링|전용스킬|이불|무탄피소총|잠만보|은발로리|잠꾸러기|
129,95式 95식,5,□□□□⊙□□□■,공격 10회피 18,화력집중T,15초간 공격력 50% 증가,2,16,116,55,52,46,71,10,1805,1343,3:50,木shiyo,다이몬 카미,95type,http://alpha-k.kakaocdn.net/dn/cVgy00/ZSchqBHBmT/PDHCDh9t3WJbmNGm6nqWB1/2x1.jpg,중자매|거유|스타킹|흑발|폭유|불펍|언니|95식|키시요|수영복|자매|중국|노브라|머리띠|수박|자매덮밥|검스|
130,97式 97식,5,□□■□⊙□□□□,공속 10회피 18,돌격집중T,15초간 공속 50% 증가,2,16,116,54,51,46,72,10,1811,1343,3:50,木shiyo,사쿠라 아야네,97type,http://alpha-k.kakaocdn.net/dn/bcAy86/ZSciQf2Fh0/NN89j7ZrKapp51kXUyqcFk/2x1.jpg,중국|중자매|아야네루|트윈테일|흑발|불펍|절벽|절대영역|동생|97식|키시요|하이 텐션|외출광|여동생|자매덮밥|시스콘|명랑|
172,RFB,5,□□■□⊙■□□■,명중 30회피 18,지고총탄 (至高枪弹),"8초간 공격력 80%, 명중 40% 증가, 후열공격",6,16,105,69,68,49,54,10,,,3:58,Anmi,,Kel-Tec RFB,http://alpha-k.kakaocdn.net/dn/dqbeye/ZSciQ1pVPG/0NpI2AxY1ykituWw3ARbHk/2x1.jpg,겜창|둘째돼지|안미센세|겜순이|미국|겜덕후|붙임머리|라플비|전용스킬|불펍소총|불펍|전방탄피배출|노팬티|로리|게임중독|켈텍|
175,ART556,5,□□■□⊙□□□■,명중 50회피 15,강행돌파,5초간 공격력 85% 공속 25% 증가,6,16,116,53,53,49,69,10,,,,Saru,,ART556,http://alpha-k.kakaocdn.net/dn/vVXVl/ZSchpW9mRc/bZecpNaOsXkUOfL5TiHJ2k/2x1.jpg,예술이|동물귀|로리|아트|빈유|제조불가|사루|브라질|합법로리|짝퉁|여우귀|
17,M3,2,□□□■⊙□□□□,명중 40회피 30,수류탄,"2.5반경, 공격력의 5.5배 데미지의 수류탄 투척",3,16,185,30,13,67,68,12,641,2696,1:30,November,아마네 노조미,M3,http://alpha-k.kakaocdn.net/dn/bVpLiH/ZSchquW5pZ/ViEJjMvjGXU6CvImeZZiGk/2x1.jpg,미국|주유기|그리스건|
21,PPSh-41,2,□■□□⊙□□■□,공격 10공속 5,수류탄,"2.5반경, 공격력의 5.5배 데미지의 수류탄 투척",3,16,194,26,11,56,93,12,679,2522,1:50,和茶,우에사카 스미레,PPsh41|파파샤,http://alpha-k.kakaocdn.net/dn/dK7JRF/ZSchpQmPat/vqiCEKNmYgkDTDPBf6KNY0/2x1.jpg,러시아|파파샤|로리|빈유|금발|트윈테일|주근깨|
24,PP-2000,2,■□□□⊙□■□□,공격 10명중 25,수류탄,"2.5반경, 공격력의 5.5배 데미지의 수류탄 투척",3,16,159,30,11,74,80,12,665,2476,1:10,NoriZC,히나타 타마리,PP2000,http://alpha-k.kakaocdn.net/dn/d53Vm6/ZSchp3S6HI/qHJFW5hhQotRNHWKPk9ulK/2x1.jpg,러시아|포니테일|ppap|
25,MP40,2,■□□□⊙□■□□,명중 25회피 20,소이탄,"1.5반경, 제일 체력 많은 적에게 공격 5.5배 피해5초간 1/3초당 공격력의 1배의 도트 데미지",3,16,185,29,13,58,76,12,679,2458,1:30,废人,마츠이 에리코,MP40,http://alpha-k.kakaocdn.net/dn/bux6py/ZSciQmPm0m/hLKGjLJK8IwIbaTeQ9FeI1/2x1.jpg,나치|독일|이승만|로리스킨|소이탄|승만이|
31,伯莱塔38型MAB 38,2,■□□□⊙□■□□,공격 5공속 10,섬광탄,"2.5반경, 3.2초간 스턴을 거는 섬광탄 투척",5,16,203,32,12,52,75,12,688,2523,1:30,ALLENES,타카하시 하루카,MAB38,http://alpha-k.kakaocdn.net/dn/HIbWu/ZSchqhpPzA/LyUTDGlD4arEYaKqMo98F1/2x1.jpg,이탈리아|베레타|오버니삭스|
33,m45,2,■□□□⊙□■□□,공속 10회피 10,연막탄,"2.5반경, 4초간 공격속도 36%, 이동속도 45% 감소",1,12,185,30,12,62,74,12,656,2564,1:20,TAMAXI,타카하시 미카코高橋実佳子,m45,http://alpha-k.kakaocdn.net/dn/bhFYlS/ZSciQUDfpG/tCrKLknFAJzXeTrfm4W6V0/2x1.jpg,스웨덴|안경|과자|연막탄|
92,Spectre M4,2,□□□■⊙□□□□,공격 20,엄호집중,5초간 회피 110% 증가,6,8,176,25,12,66,88,12,664,2540,1:20,Mkiiiiii,우에마 에미,SpectreM4,http://alpha-k.kakaocdn.net/dn/wKzQU/ZSciQf2EYI/bCIStKzEcDNtfJTqLKycX1/2x1.jpg,거유|스펙터|이탈리아|
93,IDW,2,■□□■⊙□■□□,회피 20,엄호집중,5초간 회피 110% 증가,6,8,150,26,15,85,75,12,671,2572,1:10,Ki桑,이토 아스카,IDW,http://alpha-k.kakaocdn.net/dn/bgPNXb/ZSchp3S6YB/0iaeABneG6EKiu1s4QskaK/2x1.jpg,짭댕이|동물귀|고양이|영국|네코미미|아이디더브류|꽝|
94,64式 64식,2,□□□■⊙□□□□,공속 20,섬광탄,"2.5반경, 3.2초간 스턴을 거는 섬광탄 투척",5,16,176,27,11,65,93,12,694,2515,1:25,小迪,호리고메 사야,64type,http://alpha-k.kakaocdn.net/dn/EnTlU/ZSciQUDfUe/XhEV2dakWoFggoGMhCOYN0/2x1.jpg,누님|거유|중국|
18,MAC-10,3,■□□■⊙□■□□,공격 12,연막탄,"2.5반경, 4초간 공격속도 36%, 이동속도 50% 감소",1,16,176,28,11,68,91,12,698,2590,2:00,SA,오구라 유이,MAC10,http://alpha-k.kakaocdn.net/dn/mGcS0/ZSciQAlKoU/42koCSf1nDpVbJMzdmKZp1/2x1.jpg,중2병|미국|맥텐|잉그램|맥심|안광|연막탄|
19,FMG-9,3,■□□□⊙□■□□,공격 10회피 12,엄호집중,5초간 회피 120% 증가,6,8,141,26,13,90,92,12,728,2518,"2-6, 2-4E",NorthAbyssor,세리자와 유우,FMG9,http://alpha-k.kakaocdn.net/dn/cOjdNe/ZSciQG6LkM/mWR2HHr23MB13jTDQpW8CK/2x1.jpg,미국|정보상인|로리|안경|제조불가|트윈테일|첩보원|고양이헤드폰|필드드랍|
22,PPS-43,3,■□□■⊙□■□□,공격 12,수류탄,"2.5반경, 공격력의 6배 데미지의 수류탄 투척",3,16,176,33,13,65,74,12,721,2515,2:10,两卡车,우에사카 스미레,PPS43|핑파샤,http://alpha-k.kakaocdn.net/dn/yqfZL/ZSciQ1pUmh/9ybSkXX4m9wMVBkbYdRKFk/2x1.jpg,파파샤|러시아|핑파샤|로리|빈유|폭탄마|줄무늬팬티|수류탄|속눈썹|가벼움|
27,蝎式Škorpion Vz.61,3,□□□■⊙□□□□,공속 15명중 50,소이탄,"1.5반경, 제일 체력 많은 적에게 공격 6배 피해5초간 1/3초당 공격력의 1배의 도트 데미지",3,16,159,24,13,83,95,12,710,2681,2:00,SA,마츠이 에리코,VZ61|스콜피온|사소리,http://alpha-k.kakaocdn.net/dn/VihTF/ZSchpQmPi7/5yorktOlwad7BmZm3lwJ1k/2x1.jpg,사소리|스콜|체코|로리|스콜피온|빈유|트윈테일|하이텐션|소이탄|전갈|아킴보|무다무다|배꼽|니삭스|
29,司登MkII Sten,3,■□□■⊙□■□□,명중 10회피 30,수류탄,"2.5반경, 공격력의 6배 데미지의 수류탄 투척",3,16,185,26,15,75,78,12,690,2908,1:40,真名,다이몬 카미,StenMK2|스텐|스뎅,http://alpha-k.kakaocdn.net/dn/ZXq4P/ZSchqItUcz/WjwswYodW9IHMPlHf9DNk0/2x1.jpg,비빗쟈|스뎅|대괴수비빗쟈|팔레트 소대|영국|트윈테일|스텐|투척병기|쇠파이프|로리거유|하이텐션|금발|팬티|비빗쟈다메!|거유로리|수류탄|
32,微型乌兹Micro-Uzi,3,□■□□⊙□□■□,공격 18,소이탄,"1.5반경, 제일 체력 많은 적에게 공격 6배 피해5초간 1/3초당 공격력의 1배의 도트 데미지",3,16,159,24,11,79,104,12,701,2590,1:50,Sky Freedom,오오니시 사오리,MicroUZI,http://alpha-k.kakaocdn.net/dn/nMaDj/ZSciQ1pUtv/KSHQbRRk2k96XytFzLXmHK/2x1.jpg,이스라엘|바보|츤데레|마이크로우지|거유|우지|로리거유|니삭스|소이탄|아킴보|트윈테일|
116,Z-62,3,□□□■⊙□■□□,공격 12회피 10,소이탄,"1.5반경, 제일 체력 많은 적에게 공격 6배 피해5초간 1/3초당 공격력의 1배의 도트 데미지",3,16,168,28,15,77,77,12,715,2688,,ALLENES,노미즈 이오리野水伊織,Z62,http://alpha-k.kakaocdn.net/dn/4wo5y/ZSchpQmQdC/O7o8gmH5xLzWCRU82cuJj1/2x1.jpg,안경|중형제조|소이탄|스페인|교복|큐브|
131,EVO 3,3,□□□■⊙□□□□,명중 55,수류탄,"2.5반경, 공격력의 6배 데미지의 수류탄 투척",3,16,194,23,13,68,93,12,682,2855,,钉田西瓜,,EVO3,http://alpha-k.kakaocdn.net/dn/chqgAt/ZSciQ1pVBV/y5lUDQnAosyQnkVEd7FqN1/2x1.jpg,제조불가|안경|출석보상|체코|거유|스콜피온|
144,MT-9,3,■□□□⊙□■□□,공격 10회피 10,섬광탄,"2.5반경, 3.5초간 스턴을 거는 섬광탄 투척",5,16,203,25,13,60,88,12,,,,麻将,,MT9,http://alpha-k.kakaocdn.net/dn/cCHMSp/ZSchpW9mAk/Xo5ANMK6jbUNKHn16cAh3k/2x1.jpg,제조불가|출석보상|브라질|거유|
169,SCW,3,□□□■⊙□□□□,공격 6공속 10,전동초점 (机动专注),"5초간 화력 150%, 회피 40% 증가",6,8,168,30,12,68,91,12,,,2:00,幻象黑兔,,Colt SCW,http://alpha-k.kakaocdn.net/dn/bG8vsO/ZSchpJzNbg/wNrY3BmQKjYt9ypP7NKJ9k/2x1.jpg,제조불가|빈유|미국|필드드랍|적안|까마귀|
176,TMP,3,■⊙□□□□■□□,화력 15명중 20,엄호집중,5초간 회피 120% 증가,6,8,150,28,14,77,93,12,,,,,,,http://alpha-k.kakaocdn.net/dn/Iw6Ve/ZSchpW9mWZ/5c3gH6WFJlRMczwupHO521/2x1.jpg,제조불가|빈유|출석보상|오스트리아|얀데레|고양이|하이레그|로리|
178,F1,3,■□□□⊙□■□□,명중 40회피 15,연막탄,"2.5반경, 4초간 공격속도 36%, 이동속도 50% 감소",1,16,212,26,14,60,79,12,,,,,,,http://alpha-k.kakaocdn.net/dn/b69usY/ZSchp3S7uY/N1ILPSMdAuqvbvd4f90Xx1/2x1.jpg,호주|로리|탐험가|네이버|연막탄|
23,PP-90,4,■□□□⊙□■□□,공격 8회피 20,엄호집중T,15초간 회피45% 증가,5,16,159,25,13,86,96,12,733,2749,2:20,NIXOO,,PP90|병장님|란코,http://alpha-k.kakaocdn.net/dn/bLgSvI/ZSchqItT08/pJoqheP4MYOu0I3cLSbsTk/2x1.jpg,피죤|러시아|란코병장|로리|트윈테일|은발|드릴머리|란코|
26,MP5,4,■□□□⊙□■□□,명중 40크리율 20,역장방패,3초간 모든 공격을 회피,8,16,168,30,13,68,89,12,777,2472,2:20,Saru,무카이야마 나오미,MP5|우유,http://alpha-k.kakaocdn.net/dn/dxl3zU/ZSchqItT5w/VkHkJM8U7SBURndc5LJPu1/2x1.jpg,우유쨩|우유|독일|로리|빈유|사루|전용장비|3코어|은발|역장탱|대두|스타킹|
101,UMP9,4,■□□■⊙□■□□,공속 12명중 30,섬광탄,"2.5반경, 4초간 스턴을 거는 섬광탄 투척",5,16,176,26,14,76,87,12,723,2791,2:15,ZAGALA,노토 마미코,UMP9|움뀨,http://alpha-k.kakaocdn.net/dn/deJdkV/ZSciQG6LIV/kzsRf5hKrjY5JWJ40yp7yk/2x1.jpg,움뀨|404소대|여고생|여우눈|배꼽|노토 마미코|움자매|고양이입|독일|검스|엄마품9|스타킹|배꼽|전용장비|섬광탄|트윈테일|배그|
103,UMP45,4,■□□■⊙□■□□,공격 18크리율 30,연막탄,"2.5반경, 4초간 공격속도 40%, 이동속도 50% 감소",1,16,185,28,13,74,82,12,701,2881,2:15,ZAGALA,미네우치 토모미,UMP45|움사오,http://alpha-k.kakaocdn.net/dn/9yw8W/ZSchqItUGS/DQUv2md4o1YnBD4DL6XKEk/2x1.jpg,움사오|404소대|빈유|하라구로|혐성|움자매|디비전|독일|움뀨|검스|엄마품45|하라쿠로|전용장비|펄스|시스콘|빈유|리더|연막탄|움프|여고생|썩소|
136,PP-19,4,□□□■⊙□□□□,공격 24,수류탄,"2.5반경, 공격력의 6.5배 데미지의 수류탄 투척",3,16,176,26,14,74,91,12,748,2741,,八才,세리자와 유우,PP19|비존,http://alpha-k.kakaocdn.net/dn/WM1kT/ZSchqBHB99/a0ez96QiBIvuX6bBnv7PrK/2x1.jpg,제조불가|비죤|하이래그|러시아|은발|청안|단발|
150,希普卡Shipka,4,■□□□⊙□■□□,공속 15회피 10,엄호집중,5초간 회피 130% 증가,6,8,168,26,14,79,95,12,,,2:18,八云玖,,Shipka,http://alpha-k.kakaocdn.net/dn/uyjKM/ZSciQNR3Kz/5AMWunUoNSKfnrk2Jj4FQ1/2x1.jpg,전직아이돌|로리|시프카|불가리아|아킴보|가터벨트|
116,UMP40,4,□■■□⊙□□■■,SMG 크리율 5배,낙인부하,"발동전 매 2초 마다 회피 10% 증가, 화력 5% 감소, 최대 5스택발동후 매 2초 마다 회피 25% 감소, 화력 30% 증가, 최대 5스택",0,655,180,27,14,75,85,,,,,,,,http://alpha-k.kakaocdn.net/dn/4wo5y/ZSchpQmQdC/O7o8gmH5xLzWCRU82cuJj1/2x1.jpg,안경|중형제조|소이탄|스페인|교복|큐브|
177,KLIN,4,□□□■⊙□□□□,공속 25,소이탄,"1.5반경, 제일 체력 많은 적에게 공격 6.5배 피해5초간 1/3초당 공격력의 1배의 도트 데미지",3,16,190,25,11,74,95,12,,,,,,,http://alpha-k.kakaocdn.net/dn/8nKv1/ZSchpJzNgp/I7vKJ0qXG3AiOK03S4XBSK/2x1.jpg,러시아|로리|울보|클린|소이탄|빈유|아킴보|반창고|흑로리|
16,汤姆森Thompson,5,■□□□⊙□■□□,공격 12회피 15,역장방패,4초간 모든 공격을 회피,8,16,238,31,12,56,82,12,719,3094,2:30,NS,타네다 리사,M1928A1,http://alpha-k.kakaocdn.net/dn/LWjMy/ZSciP9gYo0/vG4XnGASxLuKaJFwr366b0/2x1.jpg,미국|마피아|타네다 리사|거유|톰슨|타자기|토미건|시카고타자기|누님|역장탱|안경|님총톰|적안|단발|역장|M1928|
20,Vector,5,□□□■⊙□□□□,공속 25,소이탄,"1.5반경, 제일 체력 많은 적에게 공격 7배 피해5초간 1/3초당 공격력의 1배의 도트 데미지",3,16,185,30,11,71,101,12,787,2802,2:35,SA,하야미 사오리,Vector,http://alpha-k.kakaocdn.net/dn/bYusbP/ZSciQAlKwb/jCohogKJ8WOMtk0bOoA3C1/2x1.jpg,백린탄|미국|벡터|크리스|쿨데레|은발|소이탄|쿨뷰티|하야밍|방화광|무표정|카에데|SuperV|단발|끈|
104,G36C,5,■□□■⊙□■□□,공격 10공속 8,역장방패,4초간 모든 공격을 회피,8,16,203,32,13,65,83,12,769,2900,2:30,Parsley,,G36C|지상렬씨,http://alpha-k.kakaocdn.net/dn/n4wTy/ZSciQAlKUm/rUWXdv1UvkzOEF3KaWP6BK/2x1.jpg,밑가슴|지상렬씨|거유|은발|가터벨트|베레모|파세리|독일|동생|역장탱|역장|적안|애쉬|라이브2D|Live2D|제복|
115,索米Suomi,5,■□□□⊙□■□□,공속 15명중 30,엄호집중,5초간 회피 150% 증가,6,8,220,28,15,56,93,12,821,2860,2:25,Anmi,,KP31,http://alpha-k.kakaocdn.net/dn/QIcE3/ZSchquW6iv/M4pUC1eiSiIg9RvM3IFGJ0/2x1.jpg,수오미|메탈리카|엉덩이|수영복|핀란드|애플힙|안미센세|오버니삭스|로리|노팬티|절대영역|금발|벽안|머리띠|하늘색|
127,79式 79식,5,■□□□⊙□■□□,공격 20,섬광탄,"2.5반경, 4.5초간 스턴을 거는 섬광탄 투척",5,16,194,32,12,70,88,12,773,2910,2:35,防弹乳牛,,79type,http://alpha-k.kakaocdn.net/dn/nRhBE/ZSchpW9lZw/aKb0jifa8aU4yETqX7k7AK/2x1.jpg,빈유|가터벨트|기계팔|중국|타이즈|로리|마개조|포니테일|섬광탄|
135,SR-3MP,5,■□□■⊙□■□□,공속 18크리율 30,화력집중,5초간 공격력 260% 증가,4,8,194,31,12,67,90,12,770,2827,2:33,熊猫印象,,SR3MP|포돌이,http://alpha-k.kakaocdn.net/dn/b8zfVb/ZSchp3S7a7/4NgT26w2cfkQ2KJUUsAaU1/2x1.jpg,포돌이|로리|금발|빈유|러시아|겨드랑이|비효르|맨발|포돌로리|
143,RO635,5,■■□■⊙□■■□,공속 10명중 35,심지위협(心智威慑),"8초간 적군 전체 공격력 25% 감소, 개인 회피 70% 증가",3,12,194,27,14,71,97,12,802,2938,,海猫络合物,후쿠하라 아야카福原綾香,Colt9mmSMG|로쟝,http://alpha-k.kakaocdn.net/dn/Ul5El/ZSciQf2FZL/FzjCyfz1BICsEoPc5yq5n1/2x1.jpg,안티레인|팔레트|브릿지|제조불가|트윈테일|로쟝|오드아이|확성기|미국|거유|AR소대|전용스킬|흑발|로짱|로쨩|7지역|
40,SVT-38,2,□□□□⊙■□□□,쿨감 10,조준사격,"1.5초 조준, 특수 타겟(보스)에 공격력의 5배 데미지",10,16,84,110,59,34,34,7,1888,828,3:30,Sola7764,이데 카오리,SVT38,http://alpha-k.kakaocdn.net/dn/bdcMco/ZSchpQmPzQ/ISejNZRtMhSiT9clN3LviK/2x1.jpg,러시아|선글라스|누님|
41,西蒙诺夫Simonov,2,□■□□⊙□□■□,쿨감 10,돌격집중,5초간 공속 55% 증가,5,8,93,100,59,34,34,7,1742,917,3:30,Phantania,스자키 아야,SKS,http://alpha-k.kakaocdn.net/dn/sDTGG/ZSciQUDfyq/v1crjkb77yEH9UttZbJYh1/2x1.jpg,과녁판|시모노프|러시아|러시아|부사장|
47,G43,2,□□■□⊙□□□■,쿨감 10,돌격집중N,"야전 시, 5초간 공속 85% 증가(주간:28%)",8,8,80,111,58,28,40,7,2194,720,3:10,河马,아마네 노조미,G43|구텐탁,http://alpha-k.kakaocdn.net/dn/Zuv0y/ZSciQtBYVg/fP4hts3pnGG2qKFKWomA21/2x1.jpg,독일|구텐탁|야간전투|나치|가슴 점|제복|
51,FN-49,2,□□■□⊙□□□■,쿨감 10,화력집중,5초간 공격력 55% 증가,5,8,93,111,61,32,32,7,1818,891,3:10,Bison仓鼠,미사키 마미,FN49,http://alpha-k.kakaocdn.net/dn/dzdYqn/ZSciQNR2qv/ikVp4Yem86vMpMLAa9nNA1/2x1.jpg,스타킹|요요요|벨기에|
52,BM59,2,□□□□⊙■□□□,쿨감 10,돌격집중,5초간 공속 55% 증가,5,8,97,104,52,25,38,7,1924,832,3:20,原子Dan,츄조 토모요,BM59,http://alpha-k.kakaocdn.net/dn/5QRLo/ZSchpJzMqy/y73jfdAXeQeyyB33ChjOJ0/2x1.jpg,금발|트윈테일|이탈리아|스타킹|
34,M1加兰德M1 Garand,3,□□□□⊙■□□□,쿨감 12,확정사격,"1.5초 조준, 가장 가까운 타겟에 공격력의 5.5배 데미지",10,16,88,120,62,28,37,7,2225,792,4:00,哈路卡,타네다 리사,M1|개담떨,http://alpha-k.kakaocdn.net/dn/pcW1g/ZSchqhpPGv/gIlTXbvAW4d6z8ZsDQxJlK/2x1.jpg,미국|모범생|탈3성|스타킹|개런드|금발|타네다 리사|거유|개담떨|에무왕|애무왕|장난꾸러기|815|광복절|
35,M1A1,3,□■□□⊙□□■□,쿨감 12,돌격집중T,15초간 공속 40% 증가,5,16,84,95,77,42,38,7,1956,924,"03:406-6, 6-4E",哈路卡,미모리 스즈코,M1A1,http://alpha-k.kakaocdn.net/dn/cflA2g/ZSchpQmPtO/G5OuAxfQEIbKsdUXvJ9UeK/2x1.jpg,미국|안경|제조불가|미모링|란도셀|은발|필드드랍|칼빈|스타킹|
37,M14,3,□□■□⊙□□□■,쿨감 12,화력집중,5초간 공격력 60% 증가,5,8,84,108,71,27,43,7,2403,744,3:40,Rain Lan,오오니시 사오리,M14,http://alpha-k.kakaocdn.net/dn/FNLQ1/ZSchqItUlz/WPc9xosaILoLTZz4y8whV1/2x1.jpg,미국|탈3성|거유|트윈테일|씹새|니삭스|사이하이삭스|교복|베트남 전쟁|
38,M21,3,□■□□⊙□□■□,쿨감 12,조준사격,"1.5초 조준, 특수 타겟(보스)에 공격력의 5.5배 데미지",10,16,93,118,74,27,35,7,2171,824,"4-6, 4-4E",卑しい人间,키타무라 에리,M21,http://alpha-k.kakaocdn.net/dn/dq3fR1/ZSchquW5vT/e6dJ00lNuSqSTYz6f0sIak/2x1.jpg,미국|제조불가|팬티|필드드랍|번개머리|
44,SV-98,3,□□□□⊙□□□■,쿨감 12,차단사격,"1.5초 조준, 현재 타겟에 공격력의 5.5배 데미지",10,16,84,122,74,28,37,7,2351,756,3:40,幻象黑兔,하나다 마미코,SV98,http://alpha-k.kakaocdn.net/dn/Wv1Gn/ZSchpQmPIf/HDWctalX67JQDfHWaiE071/2x1.jpg,탈3성|스브|러시아|스포츠브라|거유|금발|시바98|저격|홍조|
49,56식반,3,□■□□⊙□□■□,쿨감 12,화력집중,5초간 공격력 60% 증가,5,8,93,103,65,36,36,7,1924,944,,KAN,,56typeR,http://alpha-k.kakaocdn.net/dn/bnlGRH/ZSciQmPnfz/btQZFNA0I02np35fUitCmk/2x1.jpg,제조불가|출석보상|거유|중국|
95,漢陽造88式한양조88식,3,□□□□⊙■□□□,쿨감 12,화력집중N,"야전 시, 6초간 공격력 90% 증가(주간:30%)",8,8,102,108,60,37,31,7,1720,1050,3:50,糰子,,88type|한조,http://alpha-k.kakaocdn.net/dn/l4YXu/ZSchqhpQot/INbYhVI9YeMV3NtVeqVU00/2x1.jpg,한양조|꽝카드|콜라보|3성최약|한조|야간전투|한양조대기중|메이드|중국|중국산|거유|
124,Super SASS,3,□□■□⊙□□□□,쿨감 12,조준사격,"1.5초 조준, 특수 타겟(보스)에 공격력의 5.5배 데미지",10,16,88,115,65,27,39,7,2275,780,,受菟,,SuperSASS,http://alpha-k.kakaocdn.net/dn/baLnhi/ZSciQf2FdM/1RB8oSoE6jvSU1nZkLiKSk/2x1.jpg,슈사스|제조불가|슈퍼사스|출석보상|빈유|세일러복|미국|JK|저격|검스|
145,OTs-44,3,□□■□⊙□□□■,쿨감 12,고정사격,"2초 조준, 현재 타겟에 공격력의 6배 데미지",15,16,80,157,67,32,32,7,,,,rosele,,OC44,http://alpha-k.kakaocdn.net/dn/bMdafE/ZSchqBHCdI/UP6KtNbO1zAbYGmpTlKx7K/2x1.jpg,도라지|러시아|중형제조|저격|Ots-44|
147,SSG 69,3,□□□□⊙■□□□,쿨감 12,화력집중,5초간 공격력 60% 증가,5,8,80,130,82,39,30,7,,,,拿铁,,,http://alpha-k.kakaocdn.net/dn/3pXSC/ZSchqBHCiF/bCTiqQQY3TMGNS20axjxvk/2x1.jpg,제조불가|출석보상|소세지|거유|오스트리아|쓱|
174,81식,3,□□■□⊙□□□□,쿨감 12,돌격집중N,"야전 시, 5초간 공속 90% 증가(주간:30%)",8,8,75,123,79,41,32,7,,,,八才,,,http://alpha-k.kakaocdn.net/dn/da07wP/ZSciQtB0MO/iyVNW69hoK3B1FHpfJXe3k/2x1.jpg,삼각김밥|콜라보|제조불가|야간전투|출석보상|81식R|중국|삼각김밥|
36,春田Springfield,4,□□■□⊙□□□□,쿨감 15,침착사격,"1.5초 조준, 현재 타겟에 공격력의 6배 데미지",10,16,84,128,72,40,32,7,2136,900,4:25,多元,호리에 유이,M1903|스프링필드|춘전,http://alpha-k.kakaocdn.net/dn/xLkJ2/ZSciQmPm7I/YauZTDYXKCKI1hqr8lkln1/2x1.jpg,춘전|스프링필드|미국|제복|전용장비|코어|전용장비|현모양처|호리에 유이|거유|수영복|다원균|롱스커트|전춘협|머핀|M1903|3코어|누님|
39,莫辛-纳甘Mosin–Nagant,4,□□□□⊙□□■□,쿨감 15,침착사격,"1.5초 조준, 현재 타겟에 공격력의 6배 데미지",10,16,88,131,85,38,30,7,2127,918,4:10,防弹乳牛,우에사카 스미레,M1891,http://alpha-k.kakaocdn.net/dn/cu5mTu/ZSciQNR1YH/DJX47IEQkKj9tuJ72kdKu1/2x1.jpg,러시아|전용장비|하라쇼|모신나강다|할머니|볼트액션|저격|빵집소녀|1주년 스킨|
42,PTRD,4,□■□□⊙□□□□,쿨감 15,차단사격,"2초 조준, 현재 타겟에 공격력의 7배 데미지",15,16,93,159,75,29,28,7,2309,851,4:30,Evan揚,시미즈 아이,PTRD,http://alpha-k.kakaocdn.net/dn/d1ezXF/ZSciQNR18r/izSZfHCkH2k6phWIOfvZek/2x1.jpg,남반구|거유|누님|밑가슴|스타킹|러시아|적안|죽창|은발|저격|핫팬츠|
43,SVD,4,□□■□⊙□□□■,쿨감 15,돌격집중,5초간 공속 65% 증가,5,8,80,130,80,33,37,7,2528,778,4:15,幻象黑兔,,SVD|스브드,http://alpha-k.kakaocdn.net/dn/kkcEG/ZSciQNR2ia/vKFCbsNlSQBn9eqFFMrWK1/2x1.jpg,스브드|러시아|환상종|드라구노프|은발|판치라|백안|홍조|
117,PSG-1,4,□■□□⊙□□■□,쿨감 15,침착사격,"1.5초 조준, 현재 타겟에 공격력의 6배 데미지",10,16,93,120,73,26,39,7,2425,811,,CanceR,,PSG1,http://alpha-k.kakaocdn.net/dn/eVoWet/ZSciP9gYLz/FGkVtrkC7z4NSEG3PDAUek/2x1.jpg,귀차니즘|제조불가|중형제조|은발|독일|큐브|저격|
146,G28,4,□■□□⊙□□■□,쿨감 15,화력집중,5초간 공격력 65% 증가,6,8,88,119,80,29,39,7,,,4:20큐브,工口牛,,HK417,http://alpha-k.kakaocdn.net/dn/uxPRw/ZSchpQmQum/FOKGH2Y7lwosuyUbYK8fF0/2x1.jpg,시금치|폭유|중형제조|독일|수영복|동생|가슴점|거유|
180,PzB39,4,□■□□⊙□□■□,쿨감 15,관통사격,"2초 조준, 가장 먼 적에게 공격력의 1.8배 관통탄 발사경로에 있는 다른 적에게도 1.8배 데미지",6,8,84,148,71,31,32,7,,,,,,,http://alpha-k.kakaocdn.net/dn/bWseMO/ZSciP9gZgB/yv850Mv7HyvuSbrV1vT7N1/2x1.jpg,음악대장|독일|판저뷕세|병정인형|판져뷔셰39|판처뷕세|나치|피자빵|저격|대전차|
46,Kar98k,5,□□■□⊙□□□■,쿨감 18,연발사격,"1초씩 2회 사격, 각각 현재 타겟에 공격력의 3.5배 데미지",8,16,84,135,78,41,34,7,2406,912,4:40,Samail,카야노 아이,98K|카구팔|부츠,http://alpha-k.kakaocdn.net/dn/cPqbLC/ZSciP9gYwg/npKBURZruhWf5obY9usl41/2x1.jpg,부츠|나치|독일|마스코트|카구팔|카야농|카야노 아이|절대영역|제복|은발|적안|전용스킬|난쟁이|얼굴마담|89cm|로고|완장|배그|철십자|
48,WA2000,5,□□□□⊙■□□□,쿨감 18,돌격집중,5초간 공속 75% 증가,5,8,88,130,82,30,39,7,2668,818,4:50,多元,토마츠 하루카,WA2000|와쟝|와쨩|와짱,http://alpha-k.kakaocdn.net/dn/bOkPTg/ZSchpQmPQD/d4Qszk3lH7mqj8g6kkmmyK/2x1.jpg,와쟝|츤데레|독일|와이천|발터|와쨩|스타킹|거유|불펍|히트맨|와쨩|빨간넥타이|사이드테일|수영복|검스|와짱|흑발|47|WA2000|토마츠하루카|적안|제복|홍조|키리츠구|아이스크림|헨리에타|
50,李-恩菲尔德Lee-Enfield,5,□■□□⊙□□■□,쿨감 18,화력집중,5초간 공격력 75% 증가,5,8,80,135,78,40,36,7,2536,858,5:00,Rei,토마츠 하루카,SMLE MK1,http://alpha-k.kakaocdn.net/dn/ICFmK/ZSciQtBY6c/2KUMBkfCYsX6kj3zYitejK/2x1.jpg,제복|명예욕|로리스킨|리엔필드|영국|이은비|아줌마|토마츠하루카|누님|거유|160cm|
53,NTW-20,5,□□□□⊙■□□□,쿨감 18,차단사격,"2초 조준, 가장 가까운 타겟에 공격력의 8배 데미지",15,16,93,165,75,29,30,7,2542,851,4:45,RAN,카야노 아이,NTW20|죽창이|노태우,http://alpha-k.kakaocdn.net/dn/clLRTp/ZSciQNR2Ae/Kpic4HOxOugJkgByYnwvyK/2x1.jpg,죽창이|노태우|세라복|카야농|죽창이|카야노 아이|핑챙|수영복|검스|남아프리카|남아공|대물저격총|교복|쿨데레|거유|저격|분홍머리|루돌프|
128,M99,5,□□□□⊙■□□□,쿨감 18,침착사격,"2초 조준, 현재 타겟에 공격력의 8배 데미지",15,16,88,157,81,32,32,7,2623,843,4:55,Saru,,M99|뀨뀨,http://alpha-k.kakaocdn.net/dn/tTgGn/ZSchqBHAKp/TMBx4rNSRCHDu259DvHps1/2x1.jpg,엠뀨뀨|로리|죽창|뀨뀨|토끼|엠뀨|사루|빈유|적안|흑발|중국|엠뀨뀨|빈유|송곳니|저격|
148,IWS 2000,5,□■□□⊙□□■□,쿨감 18,호크공세,"10초간 공속 35% 감소, 화력 180% 증가",6,16,88,162,78,29,32,7,,,4:52,十月十日奏,,IWS 2000|이유식|이외수,http://alpha-k.kakaocdn.net/dn/9GhS0/ZSciQNR3DK/KwWfcPVyl7WW3z3kkhgne1/2x1.jpg,이유식|대물저격총|환상종|이외수|오스트리아|은발|전용스킬|적안|적안|거유|죽창|제복|판치라|장신|중장님|슈타이어|덜렁이|중령님|체조복|
178,DSR-50,5,□□□⊙■■□□□,쿨감 18,장갑파괴,"2초 조준, 가장 가까운 타겟에 공격력의 6배 데미지만약 목표가 장갑을 가지고 있으면 10배 데미지",15,16,82,163,87,33,31,7,,,,LIDUKE,,,http://alpha-k.kakaocdn.net/dn/b69usY/ZSchp3S7uY/N1ILPSMdAuqvbvd4f90Xx1/2x1.jpg,호주|로리|탐험가|네이버|연막탄|
81,LWMMG,2,□□□⊙□■□□□,공격 10공속 10,사냥충동,"6초간 명중 60% 증가, 모든 공격이 치명타",3,18,174,95,24,22,90,4,2068,1417,5:10,RFF,닛타 히요리新田日和,LWMMG,http://alpha-k.kakaocdn.net/dn/b1JRZt/ZSchp3S6Q8/LVRCl1mVPhZxIDr5XxmVl0/2x1.jpg,람쥐|트윈테일|미국|사냥충동|은발|9탄창|
82,DP28,2,□□■□□□⊙□■,공속 15,만반의 준비(蓄势待发),"8초간 공격력 28% 증가, 3발의 추가탄",8,18,141,88,28,31,114,4,2164,1330,5:00,BIBIA,이카다이 카나에,DP28|타찬카,http://alpha-k.kakaocdn.net/dn/s7iHQ/ZSciQG6Lyz/aOwYQBr0kkKPudtonGX2P0/2x1.jpg,로드찬카|데그차로프|누님|러시아|거유|타찬카|끈팬티|
87,MG34,2,□□■□□□⊙□□,공격 20,화력집중MG,6초간 공격력 60% 증가,8,18,165,85,22,25,120,4,2034,1415,5:00,Spirtie,츄조 토모요,MG34,http://alpha-k.kakaocdn.net/dn/bbYdkP/ZSciQ1pVb1/MbILMakqaTufN1yjnpGE91/2x1.jpg,독일|언니|거유|나치|
110,FG42,2,□□■⊙□□□□■,명중 30,사냥충동,"6초간 명중 60% 증가, 모든 공격이 치명타",3,18,149,87,28,33,121,4,2023,1448,4:50,叽困,이토 아스카,FG42,http://alpha-k.kakaocdn.net/dn/b43OSu/ZSchpQmP9e/lOSvmH4zTXequk7ah8Iqx0/2x1.jpg,독일|파괴광선|파괴42|사냥충동|노팬티|
111,AAT-52,2,⊙□□□□□□□■,공속 20,화력집중N-MG,"야전 시, 6초간 공격력 85% 증가(주간:30%)",8,18,182,79,24,22,118,4,1985,1482,4:50,Lino,우치야마 유미内山夕实,AAT52,http://alpha-k.kakaocdn.net/dn/uIjh1/ZSciQ1pVvr/d42KtdDGiONpSjoHCSy6i1/2x1.jpg,팔레트 소대|로리|야간전투|프랑스|화력전개N|토마토|봉쥬르|
77,M2HB,3,□□□⊙□■□□□,공격 22,사중극점(连珠终结),(패시브)3번 공격 시 다음 공격 2.4배 데미지,-,-,215,102,18,16,100,4,2086,1567,6:10,15K,이와마츠 이즈미,M2HB,http://alpha-k.kakaocdn.net/dn/WbvWS/ZSciQNR3d6/V2pyPAKUI3s6TzSGJTvoKK/2x1.jpg,쵸로이|사중극점|10탄창|거유|미국|중기관총|MG50|아줌마|금발|50.BMG|
79,M249 SAW,3,□□□⊙□■□□■,공속 12명중 10,만반의 준비N(蓄势待发N),"야전 시, 8초간 공격력 45% 증가, 4발의 추가탄(주간 15%)",8,18,157,79,35,36,139,4,2075,1593,"5:305-6,5-4E",雪樱樱,난죠 요시노,M249SAW,http://alpha-k.kakaocdn.net/dn/21WEW/ZSchquW5Sm/sg3B4enI0YwbmS4goWiupk/2x1.jpg,풍선껌|팬티|귀차니즘|제조불가|야간전투|난죠 요시노|거유|모자털|미국|필드드랍|난죠르노|
80,M1919A4,3,□□■□□□⊙□□,명중 25장갑 10,사냥충동,"6초간 명중 65% 증가, 모든 공격이 치명타",3,18,182,96,26,22,99,4,2199,1482,5:40,AS109,요시다 사치요,M1919A4,http://alpha-k.kakaocdn.net/dn/HqJJc/ZSchpQmPYK/xtmQqYk1bSRfLdp3DjX9t0/2x1.jpg,이찌큐|로리|as109|사냥충동|미국|보쿠|시로스토|브라우닝|적안|as109|빈유|금발|9탄창|
84,RPD,3,□□■⊙□□□□■,공속 16,화력집중MG,6초간 공격력 65% 증가,8,18,165,82,34,34,121,4,2071,1627,5:30큐브,Sam_Ashton,노미즈 이오리野水伊織,RPD,http://alpha-k.kakaocdn.net/dn/3DXnI/ZSchquW5ZI/vnsPw8asxTHlBHWEXS4o2K/2x1.jpg,제조불가|출석보상|러시아|은발|큐브|
86,MG42,3,⊙□□□□□□□■,공격 22,화력집중MG,6초간 공격력 65% 증가,8,18,165,92,23,26,132,4,2247,1438,5:50,Spirtie,요코야 사야카?,MG42,http://alpha-k.kakaocdn.net/dn/wWc75/ZSchqhpQdS/daKNHrJUEtLUpd3wIHtl70/2x1.jpg,혀짧음|전기톱|거유|독일|동생|나치|
89,布伦 Bren,3,⊙□■□□□□□■,공속 10명중 12,만반의 준비(蓄势待发),"8초간 공격력 30% 증가, 3발의 추가탄",8,18,174,89,31,28,102,4,2076,1566,5:20,废人,아마미야 소라,BrenMK,http://alpha-k.kakaocdn.net/dn/E0u06/ZSchpW9lDe/PoWcpw1IKymr7hPE015PX1/2x1.jpg,브렌|거만|영국|준비만전|
75,M1918,4,□□□⊙□■□□□,공격 15장갑 10,화력집중MG,6초간 공격력 70% 증가,8,18,157,96,31,33,114,4,2257,1526,6:25,水乌龟,유우키 아오이,M1918|바쟝,http://alpha-k.kakaocdn.net/dn/ccneeg/ZSciQG6LqM/wBdovVapeEuJjXeoUZUlgK/2x1.jpg,아줌마|바쟝|전용장비|미국|지포스타이탄|브라우닝|BAR|바니걸|거유|선글라스|bar|사이하이삭스|
78,M60,4,⊙□■□□□□□■,공격 10공속 8,화력집중N-MG,"야전 시, 6초간 공격력 105% 증가(주간:35%)",8,18,182,92,26,26,111,4,2169,1586,6:10,ミカピカゾ,이토 아스카,M60,http://alpha-k.kakaocdn.net/dn/V8nm3/ZSchqhpP5v/Tk8XQspZr6LWApdNAvTIh0/2x1.jpg,야간전투|육공|람보|미국|미국|하이바|팬티|
85,PK,4,□□■⊙□■□□□,공격 18,사중극점(连珠终结),(패시브)3번 공격 시 다음 공격 2.6배 데미지,-,-,190,96,21,23,84,4,2174,1575,6:30,木shiyo,나즈카 카오리,PK,http://alpha-k.kakaocdn.net/dn/bnCwJB/ZSchqItUut/LvBrpuCZopms2tbv929aT0/2x1.jpg,사중극점|11탄창|거유|은발|쿨뷰티|키시요|폭유|러시아|누님|누님|곰돌이머리핀|타이즈|전신타이즈|적안|외톨이|근력왕|
88,MG3,4,□□■⊙□□□□■,공격 10명중 15,만반의 준비(蓄势待发),"8초간 공격력 30% 증가, 4발의 추가탄",8,18,198,85,26,21,130,4,2212,1584,6:30,猫头神,타네다 리사,MG3,http://alpha-k.kakaocdn.net/dn/Ae59e/ZSciQtBZFG/k2UYxpUuQmG94YPO2MZcR0/2x1.jpg,타네다 리사|거유|독일|
121,Mk48,4,□□■□□□⊙□■,공속 18,사냥충동,"6초간 명중 70% 증가, 모든 공격이 치명타",3,18,174,90,25,26,112,4,2227,1517,6:20,SA,,Mk48,http://alpha-k.kakaocdn.net/dn/k5MRh/ZSchquW6Ad/hyafNKvQKFhkM2di0biWr1/2x1.jpg,가터벨트|얀데레|거유|사냥충동|누님|벨기에|적안|하트눈|10탄창|
149,AEK-999,4,□□■⊙□□□□■,공속 15장갑 10,사냥충동N,"6초간 화력40%(주간X) 명중 70%(주간20%) 증가,모든 공격이 치명타",8,18,165,89,29,28,120,4,,,6:20,RAN,,,http://alpha-k.kakaocdn.net/dn/Hp08x/ZSciP9gYUN/EdUElB5sOGsKBE1k3KzQlk/2x1.jpg,비둘기|헤드폰|야간전투|러시아|러시아|은발|비둘기|사냥충동N|스타킹|
109,MG5,5,□□■⊙□□□□■,공격 10장갑 10,사중극점(连珠终结),(패시브)3번 공격 시 다음 공격 3배 데미지,-,-,198,85,27,27,120,4,2335,1754,6:45,音符,코시미즈 아미,MG5,http://alpha-k.kakaocdn.net/dn/b64Lws/ZSchp3S63S/FKQkTehxDO3m3yZS32cyz0/2x1.jpg,아줌마|사중극점|11탄창|망가오|단발|독일|누님|거유|은발|뱀눈|
112,内格夫Negev,5,□□■⊙□■□□■,장갑 20,광란의 피,"재장전 시 공격력 50%증가, 각각 25초간 지속(곱연산)",-,1,174,84,35,36,139,4,2335,1765,6:35,十月十日奏,스와 아야카,NEGEV|네게브,http://alpha-k.kakaocdn.net/dn/bqPFfe/ZSchpJzML6/EOmN8q8qbebZjOpTzDjtDk/2x1.jpg,네게브소대|빈유|컨셉충|광년이|염색핑크|이스라엘|희귀종|로리스킨|얀데레|스와 아야카|나름거유|얀데레|유대인|니삭스|전용스킬|스페셜리스트|적안|환상종|혈류가속|스타킹|검스|시오니스트|케첩|살육의 숨결|
125,MG4,5,□□■⊙□□□□■,명중 12장갑 15,만반의 준비(蓄势待发),"8초간 공격력 35% 증가, 4발의 추가탄",8,18,182,84,34,34,139,4,2312,1794,6:40,neco,,MG4,http://alpha-k.kakaocdn.net/dn/lKXdP/ZSciQNR3wL/fqxMdAHpkdKUzALhvnwtRK/2x1.jpg,독일|빈유|망가포|은발|준비만전|
173,PKP,5,⊙□■□□■□□■,공속 15명중 12,폭동선고(暴动宣告),공격 시 20%의 확률로 확정크리 추가탄 발사,-,-,165,95,31,29,127,4,,,6:50,虎三,,PKP|피카피,http://alpha-k.kakaocdn.net/dn/bV9ZoJ/ZSciQtB0HD/kk7tnDr7A0VFkq9zerP7gk/2x1.jpg,피카피|10탄창|로리|빈유|은발|페체네그|러시아|전용스킬|사이드테일|단검|트윈테일|고글|
154,M500,3,■□⊙□□□■□□,공격 18,방호집중,8초간 장갑 60% 증가,10,16,264,31,11,10,29,6,724,3395,7:20,Ki桑,,M500|샷댕이,http://alpha-k.kakaocdn.net/dn/c0hwsX/ZSciP9gY7q/GtuwfNKfOEGyKvewmKhMd1/2x1.jpg,샷댕이|미국|네코미미|동물귀|거유|샷댕이|
158,KS-23,3,□□⊙□□□■□□,공격 12명중 30,화력집중SG,"8초간 공격력120% 증가, 타겟 수 5명으로 증가",8,16,275,40,9,10,25,6,696,3536,7:25,死盖,이가라시 히로미五十嵐裕美,KS23|상어,http://alpha-k.kakaocdn.net/dn/utrmL/ZSchquW63F/PnLywzBS32ApEPTu8it9P0/2x1.jpg,상어이빨|상어|팬티|러시아|거유|바보털|대공포총열|
159,RMB-93,3,■□□□□□□□⊙,공격 12명중 30,진동타격,"공격력의 2.5배 데미지를 입히는 1발의 추가탄, 3거리 넉백",8,16,242,30,11,13,28,6,700,3441,7:30,Bison仓鼠,,RMB93|린민비,http://alpha-k.kakaocdn.net/dn/beR3D0/ZSchp3S7qv/OmnmwdJ7c7iu4B4kQWhKK0/2x1.jpg,은발|윈터솔져|거유|러시아|리명박|우클릭|
152,M1897,3,□□□■□⊙■□□,명중 50,진동타격,"공격력의 2배 데미지를 입히는 1발의 추가탄, 3거리 넉백",8,16,253,35,11,11,26,6,,,7:30,小迪,,M1897,http://alpha-k.kakaocdn.net/dn/b3eTaZ/ZSchp3S7g0/qMF463j797uexIjeCjaNtK/2x1.jpg,참호청소부|로리|빈유|트렌치건|미국|
153,M37,4,■□□□□⊙■□□,공격 18,진동타격,"공격력의 2.5배 데미지를 입히는 1발의 추가탄, 3거리 넉백",8,16,253,33,12,12,26,6,743,3522,7:45,Rain Lan,카토 에미리加藤英美里,Ithaca37|이사카,http://alpha-k.kakaocdn.net/dn/baoIu2/ZSciP9gY0Y/ft6vZPo2o8DAxhv1jnvHb0/2x1.jpg,젖탱이|이사카|거유|폭유|수영복|미국|적안|나르시즘|홍조|누님|카토 에미리|
155,M590,4,■□□□□□■□⊙,명중 55,방호집중,8초간 장갑 70% 증가,10,16,264,32,11,10,31,6,760,3519,7:40,防弹乳牛,,M590|흑누나,http://alpha-k.kakaocdn.net/dn/xa0f4/ZSciQmPnlK/tHDXzJZSgZpOslhuDYxEJ0/2x1.jpg,흑누나|은발|미국|검스|거유|모스버그|
161,97式霰97식 샷건,4,■□□■□⊙■□□,공격 12,화력집중SG,"8초간 공격력120% 증가, 타겟 수 5명으로 증가",8,16,264,33,12,13,27,6,734,3495,7:30,河马,오오츠보 유카大坪由佳,97typeS|캡틴차이나,http://alpha-k.kakaocdn.net/dn/cgLmEt/ZSciQtB0A3/M1J8XzdMvLWPXLKSB0ChUK/2x1.jpg,캡틴 차이나|냄비뚜껑|제조불가|캡틴차이나|눈물점|중국|
162,SPAS-12,4,■□□■□⊙□□□,공격 20,화력집중SG,"8초간 공격력120% 증가, 타겟 수 5명으로 증가",8,16,275,33,11,9,26,6,,,7:40,陆生の洲川,,SPAS12,http://alpha-k.kakaocdn.net/dn/FyRwa/ZSchpW9mFA/kzoc6XDtaDRedy1GfSP2ZK/2x1.jpg,스파스|육덕|이탈리아|고든|먹보|스피드로더|하프라이프|빠루|거유|
156,Super-Shorty,4,□□□■□⊙□□□,공격 15명중 20,생존본능,"6초간 장갑 55%, 회피 50% 증가",10,16,242,28,14,19,30,6,,,7:50,废人,,,http://alpha-k.kakaocdn.net/dn/caR8xP/ZSciQ1pVKC/1CmbKREzlMm28p4SE6tIAk/2x1.jpg,로리|금발|빈유|슈퍼쇼티|벽안|미국|투사이드업|제복|아이돌|스타킹|존나짧음|리카|
151,M1887,5,□□□■□⊙□□□,공격 20명중 20,종결타격,"적 하나 고정데미지 1000, 넉백 3",15,16,275,39,12,12,22,6,,,8:05,REALMBW,,M1887|주지사,http://alpha-k.kakaocdn.net/dn/b5ydfQ/ZSchpJzM1Q/XunFbCMr5pSwrQkDfOzLT0/2x1.jpg,터미네이터|저체온증|이벤트보상|주지사|제조불가|미국|전용스킬|브릿지|스핀로딩|윈체스터|
157,KSG,5,■□□□□⊙■□□,공격 20,생존본능,"6초간 장갑 60%, 회피 60% 증가",10,16,253,29,13,12,30,6,778,3790,8:00,NECO,,KSG|김성근,http://alpha-k.kakaocdn.net/dn/bdt5lG/ZSchp3S7lS/xTnwYG0kQWQ38zvxfMnue0/2x1.jpg,김성근|세이콘|갭모에|안경|은발|후드티|불펍|미국|선글라스|
160,Sagia-12,5,■□□■□⊙■□□,공격 15,거령호각,3회 추가 타격. 각각 1.5 / 2.5 / 3.5 배 데미지,8,16,264,29,12,11,35,6,,,8:05,防弹乳牛,,Saiga12,http://alpha-k.kakaocdn.net/dn/bRZduP/ZSchqItVd2/QYFL7kopu864wCsZn1RNkk/2x1.jpg,흑누나2|사이가|S12K|러시아|전용스킬|거유|
