no,name,star,skill_formation,skill_effect,skill_name,skill_description,cooltime_pre,cooltime_main,hp,attack,accuracy,evasion,attackSpeed,move,attackValue,defenceValue,makingTime,일러,CV,name_alt,
2,M1911,2,□■□■⊙■□■□,공속 20명중 50,연막탄,"2.5반경, 4초간 공격속도 36%, 이동속도 45% 감소의 연막탄 투척",1,12,73,27,50,74,57,15,888,1137,0:20,Spirtie,마츠이 에리코,M1911,
5,纳甘左轮Nagant revolver,2,□■□■⊙□□■□,공격 32크리율 16,화력제압N,"야전 시, 8초간 적군 전체 공격력 35% 감소(주간:5초,20%)",3,12,70,32,46,92,44,15,797,1270,0:20,X布,시노하라 나루미,M1895|나강할매|나강리볼버,
9,P38,2,□■■□⊙□□■■,공속 14명중 56,조명탄,"야전 시, 15초간 아군 전체 명중 90% 증가",3,16,66,28,49,81,57,15,905,1094,0:20,とり,카나에 토오루,P38,
10,PPK,2,■□□■⊙■■□□,공속 32크리율 16,섬멸명령,"8초간 아군 전체 공격력 10%, 크리율 35% 증가",3,12,57,25,59,100,63,15,948,1100,0:22,堀森,이토 아스카,PPK|유신,
90,FNP-9,2,□■■□⊙■□■■,공속 20명중 40,엄호제압,8초간 적군 전체 회피 40% 감소,3,12,60,28,53,83,61,15,973,1012,0:25,Bison仓鼠,코가 아오이古賀葵,FNP9,
91,MP-446,2,■■□■⊙□■■□,공격 28,돌격제압,8초간 적군 전체 공격속도 22% 감소,3,12,66,30,53,74,59,15,993,1028,0:25,XQ,노미즈 이오리野水伊織,MP446,
139,Bren Ten,2,□■□■⊙■□■□,공격 16공속 10,화력명령,8초간 아군 전체 공격력 18% 증가,6,12,70,31,51,63,58,15,992,980,0:28,林大B,,Bren Ten,
141,USP Compact,2,■□□□⊙■■□□,공속 28,명중명령,8초간 아군 전체 명중 100% 증가,2,12,66,24,60,86,64,15,938,1141,0:28,哈路卡,,USPCompact,
3,M9,3,□■■□⊙□□■■,공격 20회피 20,섬광탄,"2.5반경, 3.2초간 스턴을 거는 섬광탄 투척",5,12,76,29,56,66,61,15,1009,1097,0:40,M. vv,스즈키 아야,M9,
6,托卡列夫Tokarev,3,□■■□⊙□□■■,공속 20명중 50,엄호명령,8초간 아군 전체 회피 55% 증가,6,12,86,31,47,66,52,15,892,1241,0:45,废人,사쿠마 히로미,TT33,
8,马卡洛夫Makarov,3,■□□■⊙■■□□,공격 20공속 12,명중제압,6초간 적군 전체 명중 36% 감소,6,12,63,26,61,96,61,15,956,1179,0:40,河马,우에사카 스미레,PM,
11,P08,3,□■□□⊙■□■□,공격 14명중 70,엄호명령N,"야전 시, 8초간 아군 전체 회피 85% 증가(주간:5초,35%)",6,12,70,31,46,80,55,15,926,1150,0:30,防弹乳牛,코이즈미 타카오,P08,
12,C96,3,■□□□⊙■■□□,명중 64회피 30,조명탄,"야전 시, 15초간 아군 전체 명중 100% 증가",3,16,83,29,41,61,62,15,943,1139,0:30,林檎爱す,이타타니 아야카,C96,
13,92式92식,3,■■■■⊙■■■■,명중 50회피 40,돌진명령,"8초간 아군 전체 공격력 10%, 공속 10% 증가",6,12,63,31,46,80,61,15,1006,1035,0:35,莲子,미모리 스즈코,92type,
14,阿斯特拉左轮Astra revolver,3,■□■□⊙□■□■,공속 20회피 20,돌격명령,8초간 아군 전체 공속 20% 증가,6,12,80,33,45,68,52,15,920,1178,0:40,Spirtie,아마미야 소라,357,
15,格洛克17GLOCK 17,3,■□■□⊙■■□■,명중 64회피 30,화력제압,8초간 적군 전체 공격력 25% 감소,6,12,63,29,58,87,61,15,1017,1098,"1-6, 1-4E",RainLin,토쿠이 소라徳井青空,Glock17,
113,谢尔久科夫Serdyukov,3,□■□■⊙□□■□,공격 24명중 40,화력명령,8초간 아군 전체 공격력 20% 증가,6,12,70,33,58,68,59,15,1083,1030,,能登鹤,,SPS,
123,P99,3,□■□□⊙■□■□,공속 12회피 36,엄호명령,8초간 아군 전체 회피 55% 증가,6,12,60,31,56,87,61,15,1057,1046,0:35,真名,카와스미 아야코川澄綾子,P99,
132,59式59식,3,□■■□⊙■□■■,공격 20명중 50,엄호제압N,"야전 시, 8초간 적군 전체 회피75% 감소(주간:5초,40%)",6,12,60,28,61,96,61,15,1005,1123,0:45,麻将,카토 에미리,59type,
140,PSM,3,□□■■⊙■□□■,명중 56회피 36,은밀명령,"8초간 아군 전체 명중 55%, 회피 28% 증가",6,12,57,24,67,112,65,15,972,1197,,sola7764,向山直美무카이야마 나오미,PSM,
167,HK45,3,■□■□⊙□■□■,공격 32,기습작전,8초간 아군 전체 화력 15% 명중 10% 증가,6,12,66,34,58,80,55,15,,,,,,,
1,柯尔特左轮Colt revolver,4,□■□■⊙■□■□,공격 24명중 50,화력명령,8초간 아군 전체 공격력 22% 증가,6,12,80,36,49,76,47,15,922,1269,0:50,Saru,타나카 아이미,M1873,
7,斯捷奇金STECHKIN,4,□■■□⊙□□■■,공격 12공속 24,돌격명령,8초간 아군 전체 공속 22% 증가,6,12,83,28,44,66,65,15,975,1198,0:55,鳗鱼子,키타무라 에리,APS,
98,SPP-1,4,■■□□⊙□■■□,공격 12명중 90,엄호제압,8초간 적군 전체 회피 55% 감소,6,12,76,35,61,75,48,15,967,1195,,麻将,오오츠보 유카,SPP1,
99,Mk23,4,■□□■⊙■■□□,공격 36,화력명령N,"야전 시, 8초간 아군 전체 공격력 35% 증가(주간:5초,20%)",6,12,80,29,53,66,63,15,1022,1155,0:50,雪樱樱,아키오 히카루,Mk23|참피,
100,P7,4,■■■□⊙□■■■,공속 20회피 24,엄호명령,8초간 아군 전체 회피 60% 증가,6,12,63,32,62,83,61,15,1106,1062,0:55,Saru,쿠로사와 토모요,P7|삐칠|피칠,
168,Spitfire,4,■□■⊙□□■□■,공격 30명중 40,돌격제압,8초간 적 공속 28% 감소,6,12,70,33,60,71,59,15,,,0:52,Skade,,JSL Spitfire,
96,灰熊MkVGrizzly MkV,5,■■□□⊙■■■□,공격 30회피 20,화력명령,8초간 아군 전체 공격력 25% 증가,6,12,86,38,51,66,54,15,1081,1241,1:10,REALMBW,이타타니 아야카,Grizzly|그리즐리|웅녀|곰,
97,M950A,5,■□■□⊙□■□■,공속 30명중 50,돌격명령,8초간 아군 전체 공속 25% 증가,6,12,76,30,55,68,72,15,1178,1119,1:05,音符,코가 아오이古賀葵,M950A|미역|캘리코,
114,维尔德MkIIWELROD MkII,5,■■□■⊙□■■□,공격 20공속 16,명중제압,6초간 적군 전체 명중 45% 감소,6,12,80,28,71,90,52,15,978,1429,1:00,エロ牛,,Welrod|웰로드|장군,
126,NZ75,5,□■■■⊙■□■■,공격 20회피 30,돌격제압,8초간 적군 전체 공격속도 30% 감소,6,12,73,33,62,74,63,15,1161,1137,,音符,,NZ75|은지,
142,Five-seveN,5,□■■□⊙□□■■,공속 30치명 20,천자명령,"8초간 아군 공격속도 20%, 크리확률 20% 증가",6,12,63,31,57,97,66,15,,,,水乌龟,,FN57|파세|파이브세븐,
166,CZ75,5,■■□□⊙□■■□,공격 16공속 20,관측자의직격,타겟 10배 데미지,6,12,66,34,62,74,66,15,,,1:05,音符,,CZ75|콩지,
X001,Noel,5,■■■□⊙□■■■,공속 30%회피 20%,영총-펜릴/오모히가네,일정 범위 내 적 공격력의 1.2배 * 8회 데미지,6,,60,39,60,82,65,15,,,,水熊,콘도 카나코,,
63,G3,2,□■□□⊙□□□□,공속 20명중 50,살상류탄,"1.5반경, 체력이 제일 많은 적에게공격 10배의 유탄 발사",8,16,110,55,46,38,61,10,1542,1148,2:50,PHI,요시오카 카오리,G3,
68,L85A1,2,□■□□⊙□□□□,공격 20명중 50,돌진집중,"5초간 공격력 35%, 공속 15% 증가",6,8,94,46,43,43,78,10,1626,1048,2:50,Mkiiiiii,아야미야 유키코,"L85A1, 장미",
71,加利尔Galil,2,□□□□⊙■□□□,명중 50회피 10,명중집중,15초간 명중 500% 증가,5,16,105,50,44,43,66,10,1512,1170,2:40,lyo,미타라이 카린,AR,
74,SIG-510,2,□□■□⊙□□□■,공격 20공속 10,화력집중,5초간 공격력 55% 증가,5,8,116,56,41,37,59,10,1469,1194,2:40,Spirtie,아마노 미키,SIG510,
107,F2000,2,□□□□⊙■□□□,공격 20회피 10,화력집중,5초간 공격력 55% 증가,5,8,105,42,44,40,81,10,1576,1125,2:45,hanasa,카와스미 아야코川澄綾子,F2000,
133,63式 63식,2,□□□□⊙■□□□,공격 10공속 20,명중집중,15초간 명중 500% 증가,5,16,99,51,40,40,73,10,1628,1061,2:45,TOMATO,,63type,
58,AK-47,3,□□□□⊙□□■□,회피 18,강습집중,"5초간 공격력 35%, 명중 100% 증가",5,8,132,53,35,34,65,10,1452,1302,3:20,厕所董事长,사토 리나,AK47,
61,StG44,3,□□□□⊙■□□□,회피 20명중 60,폭파류탄,"1/2.5/4반경, 체력이 제일 많은 적에게공격 4.5/1.8/1배의 유탄 발사",8,16,127,53,46,36,61,10,1498,1289,3:10,八才,카야노 아이,"STG44, STG, 서태지",
70,FNC,3,□□■□⊙□□□□,명중 50회피 12,화력집중,5초간 공격력 60% 증가,5,8,110,51,46,37,73,10,1699,1132,3:20,麻将,야츠루기 스미레,"FNFNC, 초코",
105,OTs-12,3,□□■□⊙■□□□,공격 15공속 20,돌격집중T,10초간 공속 60% 증가,5,16,105,42,54,54,72,10,1506,1335,3:10,林檎爱す,,OTs12,
108,CZ-805,3,□□■□⊙□□□■,공속 25명중 50,폭파류탄,"1/2.5/4반경, 체력이 제일 많은 적에게공격 4.5/1.8/1배의 유탄 발사",8,16,116,43,49,41,75,10,1548,1260,"3-6, 3-4E",木子翔,우치다 마야内田真礼,CZ805,
120,ARX-160,3,□□□□⊙□□□■,공격 25명중 50,살상류탄,"1.5반경, 체력이 제일 많은 적에게공격 12배의 유탄 발사",8,16,99,49,48,48,73,10,1666,1174,,死盖,,ARX160,
134,AR70,3,□□■□⊙□□□□,공속 16명중 75,살상류탄,"1.5반경, 체력이 제일 많은 적에게공격 12배의 유탄 발사",8,16,110,50,44,41,71,10,1611,1195,,NoriZC,,AR70,
138,6P62,3,□□□□⊙■□□□,공격 35,강습집중,"5초간 공격력 35%, 명중 100% 증가",5,8,121,69,37,33,54,10,1556,1176,,羽中,,,
170,ASh-12.7,3,□□■□⊙□□□■,공격 30,섬멸집중,5초간 화력 50% 크리율 50% 증가,6,8,110,65,41,36,59,10,,,3:20,仙女V,,,
54,M16A1,4,□■■□⊙□□■■,공격 10회피 12,섬광탄,"2.5반경, 4초간 스턴을 거는 섬광탄 투척",5,16,121,47,46,44,75,10,1630,1310,,海猫络合物,아마네 노조미,M16A1,
55,M4A1,4,□■■□⊙■□■■,(AR 대상)공격 18크리율 30,화력집중T,10초간 공격력 70% 증가,4,16,110,46,48,48,79,10,1699,1305,,海猫络合物,토마츠 하루카,M4A1,
56,M4 SOPMODII,4,□□■□⊙■□□■,명중 50회피 12,살상류탄,"1.5반경, 체력이 제일 많은 적에게공격 12배의 유탄 발사",8,16,110,50,49,44,78,10,1806,1242,,海猫络合物,타무라 유카리田村ゆかり,M4 SOPMOD II,
57,ST AR-15,4,□□■□⊙■□□■,공속 10회피 12,돌격집중T,15초간 공속 45% 증가,5,16,105,48,50,50,77,10,1738,1275,,LIN+,카토 에미리,AR15,
60,AS Val,4,□■□□⊙□□□□,공격 25공속 10,화력집중N,"야전 시, 6초간 공격력 180% 증가(주간:60%)",5,16,132,39,46,49,75,10,1410,1584,3:30,防弹乳牛,우에사카 스미레,"ASVAL, 아스발",
64,G36,4,□□□□⊙■□□■,공격 30공속 10,화력집중T,10초간 공격력 70% 증가,4,16,127,47,44,41,72,10,1553,1379,3:40,薯子Imoko,코시미즈 아미,"G36, 지상렬",
66,56-1式 56-1식,4,□□□□⊙■□□□,회피 15크리율 10,폭파류탄,"1/2.5/4반경, 체력이 제일 많은 적에게공격 5/2/1배의 유탄 발사",8,16,138,53,35,35,69,10,1529,1380,3:25,CanceR,아마미야 소라,Type 56-1 A,
69,FAMAS,4,□□□□⊙□□□■,공격 25명중 60,폭파류탄,"1/2.5/4반경, 체력이 제일 많은 적에게공격 5/2/1배의 유탄 발사",8,16,121,44,48,40,81,10,1676,1297,3:30,KY,마츠이 에리코,FAMAS,
72,TAR-21,4,□□■□⊙□□□■,회피 18,돌진집중,"5초간 공격력 65%, 공속 25% 증가",6,16,105,49,48,44,79,10,1787,1185,3:30,木shiyo,마이하라 유메,TAR21,
118,9A-91,4,□□■□⊙□□□■,공속 10회피 15,화력집중N,"야전 시, 6초간 공격력 180% 증가(주간:60%)",5,16,116,42,49,50,78,10,1573,1409,3:35,防弹乳牛,나카하라 마이中原麻衣,"9A91, 야전공주",
171,利贝罗勒Ribeyrolles,4,□■□□⊙□□■□,(AR 대상)공격 20,선홍반향(猩红回响),4초간 진형위치 공격력 공속 명중 25% 증가,6,16,110,64,44,40,63,10,,,3:40,Rei,,Ribeyrolles1918,
62,G41,5,□□■□⊙□□□■,명중 50회피 15,화력집중T,10초간 공격력 75% 증가,4,16,127,50,48,40,77,10,1775,1361,4:05,NS,쿠기미야 리에,"G41, 댕댕이",
65,HK416,5,□□□□⊙■□□□,공격 40,살상류탄,"1.5반경, 체력이 제일 많은 적에게공격 15배의 유탄 발사",8,16,121,51,46,44,76,10,1761,1366,3:55,NIXOO,노나카 아이,"HK416, 흥국",
106,FAL,5,□□■□⊙■□□■,회피 20,폭파류탄,"1.5반경, 공격 5배의 유탄을 3회 발사",6,16,132,57,43,38,72,10,1756,1377,3:45,水乌龟,,FNFAL,
119,OTs-14,5,□□■□⊙■□□■,공속 25명중 65,화력집중N,"야전 시, 6초간 공격력 200% 증가(주간:70%)",5,16,110,49,54,54,75,10,1763,1399,,ASK,,"OTs14, 야전여왕",
122,G11,5,□□□□⊙■□□□,공격 30회피 10,돌격자의 눈,4.5초간 매 공격 시 세 번의 피해를 입힘,6,16,121,43,44,41,95,10,1848,1314,4:04,音符,후쿠하라 아야카福原綾香,"G11, 잠탱이",
129,95式 95식,5,□□□□⊙□□□■,공격 10회피 18,화력집중T,15초간 공격력 50% 증가,2,16,116,55,52,46,71,10,1805,1343,3:50,木shiyo,다이몬 카미,95type,
130,97式 97식,5,□□■□⊙□□□□,공속 10회피 18,돌격집중T,15초간 공속 50% 증가,2,16,116,54,51,46,72,10,1811,1343,3:50,木shiyo,사쿠라 아야네,97type,
172,RFB,5,□□■□⊙■□□■,명중 30회피 18,지고총탄 (至高枪弹),"8초간 공격력 80%, 명중 40% 증가, 후열공격",6,16,105,69,68,49,54,10,,,3:58,Anmi,,Kel-Tec RFB,
175,ART556,5,□□■□⊙□□□■,명중 50회피 15,강행돌파,5초간 공격력 85% 공속 25% 증가,6,16,116,53,53,49,69,10,,,,Saru,,ART556,
17,M3,2,□□□■⊙□□□□,명중 40회피 30,수류탄,"2.5반경, 공격력의 5.5배 데미지의 수류탄 투척",3,16,185,30,13,67,68,12,641,2696,1:30,November,아마네 노조미,M3,
21,PPSh-41,2,□■□□⊙□□■□,공격 10공속 5,수류탄,"2.5반경, 공격력의 5.5배 데미지의 수류탄 투척",3,16,194,26,11,56,93,12,679,2522,1:50,和茶,우에사카 스미레,PPsh41|파파샤,
24,PP-2000,2,■□□□⊙□■□□,공격 10명중 25,수류탄,"2.5반경, 공격력의 5.5배 데미지의 수류탄 투척",3,16,159,30,11,74,80,12,665,2476,1:10,NoriZC,히나타 타마리,PP2000,
25,MP40,2,■□□□⊙□■□□,명중 25회피 20,소이탄,"1.5반경, 제일 체력 많은 적에게 공격 5.5배 피해5초간 1/3초당 공격력의 1배의 도트 데미지",3,16,185,29,13,58,76,12,679,2458,1:30,废人,마츠이 에리코,MP40,
31,伯莱塔38型MAB 38,2,■□□□⊙□■□□,공격 5공속 10,섬광탄,"2.5반경, 3.2초간 스턴을 거는 섬광탄 투척",5,16,203,32,12,52,75,12,688,2523,1:30,ALLENES,타카하시 하루카,MAB38,
33,m45,2,■□□□⊙□■□□,공속 10회피 10,연막탄,"2.5반경, 4초간 공격속도 36%, 이동속도 45% 감소",1,12,185,30,12,62,74,12,656,2564,1:20,TAMAXI,타카하시 미카코高橋実佳子,m45,
92,Spectre M4,2,□□□■⊙□□□□,공격 20,엄호집중,5초간 회피 110% 증가,6,8,176,25,12,66,88,12,664,2540,1:20,Mkiiiiii,우에마 에미,SpectreM4,
93,IDW,2,■□□■⊙□■□□,회피 20,엄호집중,5초간 회피 110% 증가,6,8,150,26,15,85,75,12,671,2572,1:10,Ki桑,이토 아스카,IDW,
94,64式 64식,2,□□□■⊙□□□□,공속 20,섬광탄,"2.5반경, 3.2초간 스턴을 거는 섬광탄 투척",5,16,176,27,11,65,93,12,694,2515,1:25,小迪,호리고메 사야,64type,
18,MAC-10,3,■□□■⊙□■□□,공격 12,연막탄,"2.5반경, 4초간 공격속도 36%, 이동속도 50% 감소",1,16,176,28,11,68,91,12,698,2590,2:00,SA,오구라 유이,MAC10,
19,FMG-9,3,■□□□⊙□■□□,공격 10회피 12,엄호집중,5초간 회피 120% 증가,6,8,141,26,13,90,92,12,728,2518,"2-6, 2-4E",NorthAbyssor,세리자와 유우,FMG9,
22,PPS-43,3,■□□■⊙□■□□,공격 12,수류탄,"2.5반경, 공격력의 6배 데미지의 수류탄 투척",3,16,176,33,13,65,74,12,721,2515,2:10,两卡车,우에사카 스미레,PPS43|핑파샤,
27,蝎式Škorpion Vz.61,3,□□□■⊙□□□□,공속 15명중 50,소이탄,"1.5반경, 제일 체력 많은 적에게 공격 6배 피해5초간 1/3초당 공격력의 1배의 도트 데미지",3,16,159,24,13,83,95,12,710,2681,2:00,SA,마츠이 에리코,VZ61|스콜피온|사소리,
29,司登MkII Sten,3,■□□■⊙□■□□,명중 10회피 30,수류탄,"2.5반경, 공격력의 6배 데미지의 수류탄 투척",3,16,185,26,15,75,78,12,690,2908,1:40,真名,다이몬 카미,StenMK2|스텐|스뎅,
32,微型乌兹Micro-Uzi,3,□■□□⊙□□■□,공격 18,소이탄,"1.5반경, 제일 체력 많은 적에게 공격 6배 피해5초간 1/3초당 공격력의 1배의 도트 데미지",3,16,159,24,11,79,104,12,701,2590,1:50,Sky Freedom,오오니시 사오리,MicroUZI,
116,Z-62,3,□□□■⊙□■□□,공격 12회피 10,소이탄,"1.5반경, 제일 체력 많은 적에게 공격 6배 피해5초간 1/3초당 공격력의 1배의 도트 데미지",3,16,168,28,15,77,77,12,715,2688,,ALLENES,노미즈 이오리野水伊織,Z62,
131,EVO 3,3,□□□■⊙□□□□,명중 55,수류탄,"2.5반경, 공격력의 6배 데미지의 수류탄 투척",3,16,194,23,13,68,93,12,682,2855,,钉田西瓜,,EVO3,
144,MT-9,3,■□□□⊙□■□□,공격 10회피 10,섬광탄,"2.5반경, 3.5초간 스턴을 거는 섬광탄 투척",5,16,203,25,13,60,88,12,,,,麻将,,MT9,
169,SCW,3,□□□■⊙□□□□,공격 6공속 10,전동초점 (机动专注),"5초간 화력 150%, 회피 40% 증가",6,8,168,30,12,68,91,12,,,2:00,幻象黑兔,,Colt SCW,
176,TMP,3,■⊙□□□□■□□,화력 15명중 20,엄호집중,5초간 회피 120% 증가,6,8,150,28,14,77,93,12,,,,,,,
178,F1,3,■□□□⊙□■□□,명중 40회피 15,연막탄,"2.5반경, 4초간 공격속도 36%, 이동속도 50% 감소",1,16,212,26,14,60,79,12,,,,,,,
23,PP-90,4,■□□□⊙□■□□,공격 8회피 20,엄호집중T,15초간 회피45% 증가,5,16,159,25,13,86,96,12,733,2749,2:20,NIXOO,,PP90|병장님|란코,
26,MP5,4,■□□□⊙□■□□,명중 40크리율 20,역장방패,3초간 모든 공격을 회피,8,16,168,30,13,68,89,12,777,2472,2:20,Saru,무카이야마 나오미,MP5|우유,
101,UMP9,4,■□□■⊙□■□□,공속 12명중 30,섬광탄,"2.5반경, 4초간 스턴을 거는 섬광탄 투척",5,16,176,26,14,76,87,12,723,2791,2:15,ZAGALA,노토 마미코,UMP9|움뀨,
103,UMP45,4,■□□■⊙□■□□,공격 18크리율 30,연막탄,"2.5반경, 4초간 공격속도 40%, 이동속도 50% 감소",1,16,185,28,13,74,82,12,701,2881,2:15,ZAGALA,미네우치 토모미,UMP45|움사오,
136,PP-19,4,□□□■⊙□□□□,공격 24,수류탄,"2.5반경, 공격력의 6.5배 데미지의 수류탄 투척",3,16,176,26,14,74,91,12,748,2741,,八才,세리자와 유우,PP19|비존,
150,希普卡Shipka,4,■□□□⊙□■□□,공속 15회피 10,엄호집중,5초간 회피 130% 증가,6,8,168,26,14,79,95,12,,,2:18,八云玖,,Shipka,
116,UMP40,4,□■■□⊙□□■■,SMG 크리율 5배,낙인부하,"발동전 매 2초 마다 회피 10% 증가, 화력 5% 감소, 최대 5스택발동후 매 2초 마다 회피 25% 감소, 화력 30% 증가, 최대 5스택",0,655,180,27,14,75,85,,,,,,,,
177,KLIN,4,□□□■⊙□□□□,공속 25,소이탄,"1.5반경, 제일 체력 많은 적에게 공격 6.5배 피해5초간 1/3초당 공격력의 1배의 도트 데미지",3,16,190,25,11,74,95,12,,,,,,,
16,汤姆森Thompson,5,■□□□⊙□■□□,공격 12회피 15,역장방패,4초간 모든 공격을 회피,8,16,238,31,12,56,82,12,719,3094,2:30,NS,타네다 리사,M1928A1,
20,Vector,5,□□□■⊙□□□□,공속 25,소이탄,"1.5반경, 제일 체력 많은 적에게 공격 7배 피해5초간 1/3초당 공격력의 1배의 도트 데미지",3,16,185,30,11,71,101,12,787,2802,2:35,SA,하야미 사오리,Vector,
104,G36C,5,■□□■⊙□■□□,공격 10공속 8,역장방패,4초간 모든 공격을 회피,8,16,203,32,13,65,83,12,769,2900,2:30,Parsley,,G36C|지상렬씨,
115,索米Suomi,5,■□□□⊙□■□□,공속 15명중 30,엄호집중,5초간 회피 150% 증가,6,8,220,28,15,56,93,12,821,2860,2:25,Anmi,,KP31,
127,79式 79식,5,■□□□⊙□■□□,공격 20,섬광탄,"2.5반경, 4.5초간 스턴을 거는 섬광탄 투척",5,16,194,32,12,70,88,12,773,2910,2:35,防弹乳牛,,79type,
135,SR-3MP,5,■□□■⊙□■□□,공속 18크리율 30,화력집중,5초간 공격력 260% 증가,4,8,194,31,12,67,90,12,770,2827,2:33,熊猫印象,,SR3MP|포돌이,
143,RO635,5,■■□■⊙□■■□,공속 10명중 35,심지위협(心智威慑),"8초간 적군 전체 공격력 25% 감소, 개인 회피 70% 증가",3,12,194,27,14,71,97,12,802,2938,,海猫络合物,후쿠하라 아야카福原綾香,Colt9mmSMG|로쟝,
40,SVT-38,2,□□□□⊙■□□□,쿨감 10,조준사격,"1.5초 조준, 특수 타겟(보스)에 공격력의 5배 데미지",10,16,84,110,59,34,34,7,1888,828,3:30,Sola7764,이데 카오리,SVT38,
41,西蒙诺夫Simonov,2,□■□□⊙□□■□,쿨감 10,돌격집중,5초간 공속 55% 증가,5,8,93,100,59,34,34,7,1742,917,3:30,Phantania,스자키 아야,SKS,
47,G43,2,□□■□⊙□□□■,쿨감 10,돌격집중N,"야전 시, 5초간 공속 85% 증가(주간:28%)",8,8,80,111,58,28,40,7,2194,720,3:10,河马,아마네 노조미,G43|구텐탁,
51,FN-49,2,□□■□⊙□□□■,쿨감 10,화력집중,5초간 공격력 55% 증가,5,8,93,111,61,32,32,7,1818,891,3:10,Bison仓鼠,미사키 마미,FN49,
52,BM59,2,□□□□⊙■□□□,쿨감 10,돌격집중,5초간 공속 55% 증가,5,8,97,104,52,25,38,7,1924,832,3:20,原子Dan,츄조 토모요,BM59,
34,M1加兰德M1 Garand,3,□□□□⊙■□□□,쿨감 12,확정사격,"1.5초 조준, 가장 가까운 타겟에 공격력의 5.5배 데미지",10,16,88,120,62,28,37,7,2225,792,4:00,哈路卡,타네다 리사,M1|개담떨,
35,M1A1,3,□■□□⊙□□■□,쿨감 12,돌격집중T,15초간 공속 40% 증가,5,16,84,95,77,42,38,7,1956,924,"03:406-6, 6-4E",哈路卡,미모리 스즈코,M1A1,
37,M14,3,□□■□⊙□□□■,쿨감 12,화력집중,5초간 공격력 60% 증가,5,8,84,108,71,27,43,7,2403,744,3:40,Rain Lan,오오니시 사오리,M14,
38,M21,3,□■□□⊙□□■□,쿨감 12,조준사격,"1.5초 조준, 특수 타겟(보스)에 공격력의 5.5배 데미지",10,16,93,118,74,27,35,7,2171,824,"4-6, 4-4E",卑しい人间,키타무라 에리,M21,
44,SV-98,3,□□□□⊙□□□■,쿨감 12,차단사격,"1.5초 조준, 현재 타겟에 공격력의 5.5배 데미지",10,16,84,122,74,28,37,7,2351,756,3:40,幻象黑兔,하나다 마미코,SV98,
49,56식반,3,□■□□⊙□□■□,쿨감 12,화력집중,5초간 공격력 60% 증가,5,8,93,103,65,36,36,7,1924,944,,KAN,,56typeR,
95,漢陽造88式한양조88식,3,□□□□⊙■□□□,쿨감 12,화력집중N,"야전 시, 6초간 공격력 90% 증가(주간:30%)",8,8,102,108,60,37,31,7,1720,1050,3:50,糰子,,88type|한조,
124,Super SASS,3,□□■□⊙□□□□,쿨감 12,조준사격,"1.5초 조준, 특수 타겟(보스)에 공격력의 5.5배 데미지",10,16,88,115,65,27,39,7,2275,780,,受菟,,SuperSASS,
145,OTs-44,3,□□■□⊙□□□■,쿨감 12,고정사격,"2초 조준, 현재 타겟에 공격력의 6배 데미지",15,16,80,157,67,32,32,7,,,,rosele,,OC44,
147,SSG 69,3,□□□□⊙■□□□,쿨감 12,화력집중,5초간 공격력 60% 증가,5,8,80,130,82,39,30,7,,,,拿铁,,,
174,81식,3,□□■□⊙□□□□,쿨감 12,돌격집중N,"야전 시, 5초간 공속 90% 증가(주간:30%)",8,8,75,123,79,41,32,7,,,,八才,,,
36,春田Springfield,4,□□■□⊙□□□□,쿨감 15,침착사격,"1.5초 조준, 현재 타겟에 공격력의 6배 데미지",10,16,84,128,72,40,32,7,2136,900,4:25,多元,호리에 유이,M1903|스프링필드|춘전,
39,莫辛-纳甘Mosin–Nagant,4,□□□□⊙□□■□,쿨감 15,침착사격,"1.5초 조준, 현재 타겟에 공격력의 6배 데미지",10,16,88,131,85,38,30,7,2127,918,4:10,防弹乳牛,우에사카 스미레,M1891,
42,PTRD,4,□■□□⊙□□□□,쿨감 15,차단사격,"2초 조준, 현재 타겟에 공격력의 7배 데미지",15,16,93,159,75,29,28,7,2309,851,4:30,Evan揚,시미즈 아이,PTRD,
43,SVD,4,□□■□⊙□□□■,쿨감 15,돌격집중,5초간 공속 65% 증가,5,8,80,130,80,33,37,7,2528,778,4:15,幻象黑兔,,SVD|스브드,
117,PSG-1,4,□■□□⊙□□■□,쿨감 15,침착사격,"1.5초 조준, 현재 타겟에 공격력의 6배 데미지",10,16,93,120,73,26,39,7,2425,811,,CanceR,,PSG1,
146,G28,4,□■□□⊙□□■□,쿨감 15,화력집중,5초간 공격력 65% 증가,6,8,88,119,80,29,39,7,,,4:20큐브,工口牛,,HK417,
180,PzB39,4,□■□□⊙□□■□,쿨감 15,관통사격,"2초 조준, 가장 먼 적에게 공격력의 1.8배 관통탄 발사경로에 있는 다른 적에게도 1.8배 데미지",6,8,84,148,71,31,32,7,,,,,,,
46,Kar98k,5,□□■□⊙□□□■,쿨감 18,연발사격,"1초씩 2회 사격, 각각 현재 타겟에 공격력의 3.5배 데미지",8,16,84,135,78,41,34,7,2406,912,4:40,Samail,카야노 아이,98K|카구팔|부츠,
48,WA2000,5,□□□□⊙■□□□,쿨감 18,돌격집중,5초간 공속 75% 증가,5,8,88,130,82,30,39,7,2668,818,4:50,多元,토마츠 하루카,WA2000|와쟝|와쨩|와짱,
50,李-恩菲尔德Lee-Enfield,5,□■□□⊙□□■□,쿨감 18,화력집중,5초간 공격력 75% 증가,5,8,80,135,78,40,36,7,2536,858,5:00,Rei,토마츠 하루카,SMLE MK1,
53,NTW-20,5,□□□□⊙■□□□,쿨감 18,차단사격,"2초 조준, 가장 가까운 타겟에 공격력의 8배 데미지",15,16,93,165,75,29,30,7,2542,851,4:45,RAN,카야노 아이,NTW20|죽창이|노태우,
128,M99,5,□□□□⊙■□□□,쿨감 18,침착사격,"2초 조준, 현재 타겟에 공격력의 8배 데미지",15,16,88,157,81,32,32,7,2623,843,4:55,Saru,,M99|뀨뀨,
148,IWS 2000,5,□■□□⊙□□■□,쿨감 18,호크공세,"10초간 공속 35% 감소, 화력 180% 증가",6,16,88,162,78,29,32,7,,,4:52,十月十日奏,,IWS 2000|이유식|이외수,
178,DSR-50,5,□□□⊙■■□□□,쿨감 18,장갑파괴,"2초 조준, 가장 가까운 타겟에 공격력의 6배 데미지만약 목표가 장갑을 가지고 있으면 10배 데미지",15,16,82,163,87,33,31,7,,,,LIDUKE,,,
81,LWMMG,2,□□□⊙□■□□□,공격 10공속 10,사냥충동,"6초간 명중 60% 증가, 모든 공격이 치명타",3,18,174,95,24,22,90,4,2068,1417,5:10,RFF,닛타 히요리新田日和,LWMMG,
82,DP28,2,□□■□□□⊙□■,공속 15,만반의 준비(蓄势待发),"8초간 공격력 28% 증가, 3발의 추가탄",8,18,141,88,28,31,114,4,2164,1330,5:00,BIBIA,이카다이 카나에,DP28|타찬카,
87,MG34,2,□□■□□□⊙□□,공격 20,화력집중MG,6초간 공격력 60% 증가,8,18,165,85,22,25,120,4,2034,1415,5:00,Spirtie,츄조 토모요,MG34,
110,FG42,2,□□■⊙□□□□■,명중 30,사냥충동,"6초간 명중 60% 증가, 모든 공격이 치명타",3,18,149,87,28,33,121,4,2023,1448,4:50,叽困,이토 아스카,FG42,
111,AAT-52,2,⊙□□□□□□□■,공속 20,화력집중N-MG,"야전 시, 6초간 공격력 85% 증가(주간:30%)",8,18,182,79,24,22,118,4,1985,1482,4:50,Lino,우치야마 유미内山夕实,AAT52,
77,M2HB,3,□□□⊙□■□□□,공격 22,사중극점(连珠终结),(패시브)3번 공격 시 다음 공격 2.4배 데미지,-,-,215,102,18,16,100,4,2086,1567,6:10,15K,이와마츠 이즈미,M2HB,
79,M249 SAW,3,□□□⊙□■□□■,공속 12명중 10,만반의 준비N(蓄势待发N),"야전 시, 8초간 공격력 45% 증가, 4발의 추가탄(주간 15%)",8,18,157,79,35,36,139,4,2075,1593,"5:305-6,5-4E",雪樱樱,난죠 요시노,M249SAW,
80,M1919A4,3,□□■□□□⊙□□,명중 25장갑 10,사냥충동,"6초간 명중 65% 증가, 모든 공격이 치명타",3,18,182,96,26,22,99,4,2199,1482,5:40,AS109,요시다 사치요,M1919A4,
84,RPD,3,□□■⊙□□□□■,공속 16,화력집중MG,6초간 공격력 65% 증가,8,18,165,82,34,34,121,4,2071,1627,5:30큐브,Sam_Ashton,노미즈 이오리野水伊織,RPD,
86,MG42,3,⊙□□□□□□□■,공격 22,화력집중MG,6초간 공격력 65% 증가,8,18,165,92,23,26,132,4,2247,1438,5:50,Spirtie,요코야 사야카?,MG42,
89,布伦 Bren,3,⊙□■□□□□□■,공속 10명중 12,만반의 준비(蓄势待发),"8초간 공격력 30% 증가, 3발의 추가탄",8,18,174,89,31,28,102,4,2076,1566,5:20,废人,아마미야 소라,BrenMK,
75,M1918,4,□□□⊙□■□□□,공격 15장갑 10,화력집중MG,6초간 공격력 70% 증가,8,18,157,96,31,33,114,4,2257,1526,6:25,水乌龟,유우키 아오이,M1918|바쟝,
78,M60,4,⊙□■□□□□□■,공격 10공속 8,화력집중N-MG,"야전 시, 6초간 공격력 105% 증가(주간:35%)",8,18,182,92,26,26,111,4,2169,1586,6:10,ミカピカゾ,이토 아스카,M60,
85,PK,4,□□■⊙□■□□□,공격 18,사중극점(连珠终结),(패시브)3번 공격 시 다음 공격 2.6배 데미지,-,-,190,96,21,23,84,4,2174,1575,6:30,木shiyo,나즈카 카오리,PK,
88,MG3,4,□□■⊙□□□□■,공격 10명중 15,만반의 준비(蓄势待发),"8초간 공격력 30% 증가, 4발의 추가탄",8,18,198,85,26,21,130,4,2212,1584,6:30,猫头神,타네다 리사,MG3,
121,Mk48,4,□□■□□□⊙□■,공속 18,사냥충동,"6초간 명중 70% 증가, 모든 공격이 치명타",3,18,174,90,25,26,112,4,2227,1517,6:20,SA,,Mk48,
149,AEK-999,4,□□■⊙□□□□■,공속 15장갑 10,사냥충동N,"6초간 화력40%(주간X) 명중 70%(주간20%) 증가,모든 공격이 치명타",8,18,165,89,29,28,120,4,,,6:20,RAN,,,
109,MG5,5,□□■⊙□□□□■,공격 10장갑 10,사중극점(连珠终结),(패시브)3번 공격 시 다음 공격 3배 데미지,-,-,198,85,27,27,120,4,2335,1754,6:45,音符,코시미즈 아미,MG5,
112,内格夫Negev,5,□□■⊙□■□□■,장갑 20,광란의 피,"재장전 시 공격력 50%증가, 각각 25초간 지속(곱연산)",-,1,174,84,35,36,139,4,2335,1765,6:35,十月十日奏,스와 아야카,NEGEV|네게브,
125,MG4,5,□□■⊙□□□□■,명중 12장갑 15,만반의 준비(蓄势待发),"8초간 공격력 35% 증가, 4발의 추가탄",8,18,182,84,34,34,139,4,2312,1794,6:40,neco,,MG4,
173,PKP,5,⊙□■□□■□□■,공속 15명중 12,폭동선고(暴动宣告),공격 시 20%의 확률로 확정크리 추가탄 발사,-,-,165,95,31,29,127,4,,,6:50,虎三,,PKP|피카피,
154,M500,3,■□⊙□□□■□□,공격 18,방호집중,8초간 장갑 60% 증가,10,16,264,31,11,10,29,6,724,3395,7:20,Ki桑,,M500|샷댕이,
158,KS-23,3,□□⊙□□□■□□,공격 12명중 30,화력집중SG,"8초간 공격력120% 증가, 타겟 수 5명으로 증가",8,16,275,40,9,10,25,6,696,3536,7:25,死盖,이가라시 히로미五十嵐裕美,KS23|상어,
159,RMB-93,3,■□□□□□□□⊙,공격 12명중 30,진동타격,"공격력의 2.5배 데미지를 입히는 1발의 추가탄, 3거리 넉백",8,16,242,30,11,13,28,6,700,3441,7:30,Bison仓鼠,,RMB93|린민비,
152,M1897,3,□□□■□⊙■□□,명중 50,진동타격,"공격력의 2배 데미지를 입히는 1발의 추가탄, 3거리 넉백",8,16,253,35,11,11,26,6,,,7:30,小迪,,M1897,
153,M37,4,■□□□□⊙■□□,공격 18,진동타격,"공격력의 2.5배 데미지를 입히는 1발의 추가탄, 3거리 넉백",8,16,253,33,12,12,26,6,743,3522,7:45,Rain Lan,카토 에미리加藤英美里,Ithaca37|이사카,
155,M590,4,■□□□□□■□⊙,명중 55,방호집중,8초간 장갑 70% 증가,10,16,264,32,11,10,31,6,760,3519,7:40,防弹乳牛,,M590|흑누나,
161,97式霰97식 샷건,4,■□□■□⊙■□□,공격 12,화력집중SG,"8초간 공격력120% 증가, 타겟 수 5명으로 증가",8,16,264,33,12,13,27,6,734,3495,7:30,河马,오오츠보 유카大坪由佳,97typeS|캡틴차이나,
162,SPAS-12,4,■□□■□⊙□□□,공격 20,화력집중SG,"8초간 공격력120% 증가, 타겟 수 5명으로 증가",8,16,275,33,11,9,26,6,,,7:40,陆生の洲川,,SPAS12,
156,Super-Shorty,4,□□□■□⊙□□□,공격 15명중 20,생존본능,"6초간 장갑 55%, 회피 50% 증가",10,16,242,28,14,19,30,6,,,7:50,废人,,,
151,M1887,5,□□□■□⊙□□□,공격 20명중 20,종결타격,"적 하나 고정데미지 1000, 넉백 3",15,16,275,39,12,12,22,6,,,8:05,REALMBW,,M1887|주지사,
157,KSG,5,■□□□□⊙■□□,공격 20,생존본능,"6초간 장갑 60%, 회피 60% 증가",10,16,253,29,13,12,30,6,778,3790,8:00,NECO,,KSG|김성근,
160,Sagia-12,5,■□□■□⊙■□□,공격 15,거령호각,3회 추가 타격. 각각 1.5 / 2.5 / 3.5 배 데미지,8,16,264,29,12,11,35,6,,,8:05,防弹乳牛,,Saiga12,
X002,Elfeldt,5,■□□□□⊙■□□,공격 15명중 15,제누와즈,"타겟 8배 데미지 후, 미사일 발사 1.5범위 12배 데미지",10,,275,36,13,9,28,6,,,,ZAGALA,스자키 아야,,